{
  "AutoLockHotbar / Description": {
    "message": "특정 조건을 만족하면 자동으로 액션 바가 잠깁니다.",
    "description": "[AutoLockHotbar] Tweak Description"
  },
  "AutoLockHotbar / Name": {
    "message": "액션 바 자동 잠금",
    "description": "[AutoLockHotbar] Tweak Name"
  },
  "AutoOpenCommendWindow / Description": {
    "message": "임무가 끝날 때 플레이어 추천 창을 엽니다.",
    "description": "[AutoOpenCommendWindow] Tweak Description"
  },
  "AutoOpenCommendWindow / Name": {
    "message": "자동으로 플레이어 추천 창 열기",
    "description": "[AutoOpenCommendWindow] Tweak Name"
  },
  "AutoOpenLootWindow / Description": {
    "message": "새로운 아이템이 입찰에 추가되면 입찰 창을 엽니다.",
    "description": "[AutoOpenLootWindow] Tweak Description"
  },
  "AutoOpenLootWindow / Name": {
    "message": "아이템 추가 시 입찰 창 열기.",
    "description": "[AutoOpenLootWindow] Tweak Name"
  },
  "BaitCommand / Description": {
    "message": "미끼를 바꾸기 위한 /bait 명령어를 추가합니다.",
    "description": "[BaitCommand] Tweak Description"
  },
  "BaitCommand / Name": {
    "message": "미끼 명령어",
    "description": "[BaitCommand] Tweak Name"
  },
  "CharaCardCommand / Description": {
    "message": "모험가 카드를 열 수 있는 명령어 추가.",
    "description": "[CharaCardCommand] Tweak Description"
  },
  "CharaCardCommand / Name": {
    "message": "모험가 카드 열기 명령어",
    "description": "[CharaCardCommand] Tweak Name"
  },
  "CharacterClassSwitcher / Description": {
    "message": "직업을 눌러 장비세트를 바꿀 수 있습니다. [제작직엔 동작하지 않음]",
    "description": "[CharacterClassSwitcher] Tweak Description"
  },
  "CharacterClassSwitcher / Name": {
    "message": "캐릭터 창 직업 스위쳐",
    "description": "[CharacterClassSwitcher] Tweak Name"
  },
  "CharaViewIncreasedZoom / Description": {
    "message": "입어보기와 미리보기 같은 프리뷰 창에서 거의 무한대로 캐릭터를 확대할 수 있습니다.",
    "description": "[CharaViewIncreasedZoom] Tweak Description"
  },
  "CharaViewIncreasedZoom / Name": {
    "message": "캐릭터 프리뷰 줌 거리 증가.",
    "description": "[CharaViewIncreasedZoom] Tweak Name"
  },
  "ChatTweaks / Name": {
    "message": "채팅 기능 관련 트윅",
    "description": "[ChatTweaks] Tweak Name"
  },
  "ChatTweaks@ChatNameColours / Description": {
    "message": "채팅에서 플레이어들에게 랜덤한 색을 부여하거나 색을 지정할 수 있습니다.",
    "description": "[ChatNameColours] Tweak Description"
  },
  "ChatTweaks@ChatNameColours / Name": {
    "message": "채팅 닉네임 색상",
    "description": "[ChatNameColours] Tweak Name"
  },
  "ChatTweaks@ChatNameColours / NameAlreadyAddedError": {
    "message": "닉네임이 이미 리스트에 있습니다.",
    "description": "[ChatNameColours] Chat Name Colours - Name is already in list."
  },
  "ChatTweaks@ChatNameColours / Player Name": {
    "message": "플레이어 닉네임",
    "description": "[ChatNameColours] Chat Name Colours - Player Name"
  },
  "ChatTweaks@ChatNameColours / RandomColours": {
    "message": "리스트에 없는 플레이어들에 대해 랜덤 색상 적용",
    "description": "[ChatNameColours] Chat Name Colours - Use random colours for unlisted players"
  },
  "ChatTweaks@ChatNameColours / Server": {
    "message": "서버",
    "description": "[ChatNameColours] Chat Name Colours - Server"
  },
  "ChatTweaks@ClickableLinks / Description": {
    "message": "채팅에서 링크를 파싱하고 링크를 클릭할 수 있게 합니다.",
    "description": "[ClickableLinks] Tweak Description"
  },
  "ChatTweaks@ClickableLinks / Name": {
    "message": "채팅창에서 클릭 가능한 링크",
    "description": "[ClickableLinks] Tweak Name"
  },
  "ChatTweaks@CustomTimestampFormat / Description": {
    "message": "채팅에 표시되는 타임스탬프를 커스터마이즈 합니다.",
    "description": "[CustomTimestampFormat] Tweak Description"
  },
  "ChatTweaks@CustomTimestampFormat / Name": {
    "message": "커스텀 타임스탬프 포맷",
    "description": "[CustomTimestampFormat] Tweak Name"
  },
  "ChatTweaks@DisableAutoChatInputs / Description": {
    "message": "채팅창에 <flag> 또는 기타 파라미터를 자동으로 삽입하는 것을 방지합니다.",
    "description": "[DisableAutoChatInputs] Tweak Description"
  },
  "ChatTweaks@DisableAutoChatInputs / Name": {
    "message": "자동 채팅 삽입 비활성화",
    "description": "[DisableAutoChatInputs] Tweak Name"
  },
  "ChatTweaks@DisableChatAutoscroll / AllowAutoscrollLabel": {
    "message": "다음에서 항상 자동 스크롤을 비활성화 함:",
    "description": "[DisableChatAutoscroll] Smart AutoScroll - Always allow autoscrolling in:"
  },
  "ChatTweaks@DisableChatAutoscroll / Description": {
    "message": "스크롤 업 도중 새로운 채팅을 받을 때 오토 스크롤링이 일어나는 것을 방지합니다.",
    "description": "[DisableChatAutoscroll] Tweak Description"
  },
  "ChatTweaks@DisableChatAutoscroll / Name": {
    "message": "스마트 오토스크롤",
    "description": "[DisableChatAutoscroll] Tweak Name"
  },
  "ChatTweaks@DisableChatAutoscroll / TabLabel": {
    "message": "탭 {0}",
    "description": "[DisableChatAutoscroll] Smart AutoScroll - Tab {0}"
  },
  "ChatTweaks@DisableChatMovement / Description": {
    "message": "채팅창을 이동할 수 없게 합니다.",
    "description": "[DisableChatMovement] Tweak Description"
  },
  "ChatTweaks@DisableChatMovement / Name": {
    "message": "채팅창 이동 비활성화",
    "description": "[DisableChatMovement] Tweak Name"
  },
  "ChatTweaks@DisableChatResize / Description": {
    "message": "채팅장을 리사이징 할 수 없게 합니다.",
    "description": "[DisableChatResize] Tweak Description"
  },
  "ChatTweaks@DisableChatResize / Name": {
    "message": "채팅창 리사이즈 비활성화",
    "description": "[DisableChatResize] Tweak Name"
  },
  "ChatTweaks@EchoPartyFinder / Description": {
    "message": "파티 찾기에서 파티에 들어갈 때 파티 설명을 채팅창에 출력합니다.",
    "description": "[EchoPartyFinder] Tweak Description"
  },
  "ChatTweaks@EchoPartyFinder / Name": {
    "message": "파티 찾기 내용 출력",
    "description": "[EchoPartyFinder] Tweak Name"
  },
  "ChatTweaks@EchoStorySelection / Description": {
    "message": "퀘스트 충 여러 선택지가 주어졌을 때, 채팅창에 선택한 옵션을 출력합니다.",
    "description": "[EchoStorySelection] Tweak Description"
  },
  "ChatTweaks@EchoStorySelection / Name": {
    "message": "스토리 선택지 내용 출력",
    "description": "[EchoStorySelection] Tweak Name"
  },
  "ChatTweaks@HideChat / Description": {
    "message": "채팅창을 숨길 수 있는 명령어를 제공합니다. (/chatvis show|hide|toggle)",
    "description": "[HideChat] Tweak Description"
  },
  "ChatTweaks@HideChat / Name": {
    "message": "채팅창 숨기기",
    "description": "[HideChat] Tweak Name"
  },
  "ChatTweaks@HideChatAuto / Description": {
    "message": "채팅 입력 시를 제외하고 채팅창을 자동으로 숨깁니다.",
    "description": "[HideChatAuto] Tweak Description"
  },
  "ChatTweaks@HideChatAuto / Name": {
    "message": "자동 채팅창 숨기기",
    "description": "[HideChatAuto] Tweak Name"
  },
  "ChatTweaks@HideChatPanelButtons / Description": {
    "message": "메인 채팅창으로부터 분리된 패널의 로그 이름과 닫기 버튼을 숨깁니다.",
    "description": "[HideChatPanelButtons] Tweak Description"
  },
  "ChatTweaks@HideChatPanelButtons / Name": {
    "message": "채팅 패널 버튼 숨기기",
    "description": "[HideChatPanelButtons] Tweak Name"
  },
  "ChatTweaks@ImprovedFontSizes / Description": {
    "message": "채팅창의 폰트 크기를 기본 제한 이상으로 변경할 수 있으며, 분리한 채팅 탭의 폰트 크기를 기본 탭과 분리하여 유지할 수 있습니다.",
    "description": "[ImprovedFontSizes] Tweak Description"
  },
  "ChatTweaks@ImprovedFontSizes / Name": {
    "message": "향상된 폰트 크기",
    "description": "[ImprovedFontSizes] Tweak Name"
  },
  "ChatTweaks@RenameChatTabs / Description": {
    "message": "채팅 윈도우의 \"일반\" 및 \"전투\" 탭의 이름을 변경할 수 있습니다.",
    "description": "[RenameChatTabs] Tweak Description"
  },
  "ChatTweaks@RenameChatTabs / Name": {
    "message": "채팅 탭 이름 변경",
    "description": "[RenameChatTabs] Tweak Name"
  },
  "ChatTweaks@RenameChatTabs / TabLabel": {
    "message": "탭 {0}",
    "description": "[RenameChatTabs] Rename Chat Tabs - Tab {0}"
  },
  "ChatTweaks@ReplyChannelSwitch / Description": {
    "message": "/r을 입력함으로써 활성 채팅 채널을 귓속말로 설정할 수 있습니다.",
    "description": "[ReplyChannelSwitch] Tweak Description"
  },
  "ChatTweaks@ReplyChannelSwitch / Name": {
    "message": "Reply 채널 변경",
    "description": "[ReplyChannelSwitch] Tweak Name"
  },
  "ChatTweaks@StickyChat / Description": {
    "message": "채팅 채널을 임시 채팅 메세지를 사용한 채널로 설정합니다.\n예시: \"/p 안녕!\" 을 입력하면 채팅 채널이 파티 채널로 설정됩니다.",
    "description": "[StickyChat] Tweak Description"
  },
  "ChatTweaks@StickyChat / Name": {
    "message": "명령어 채팅 자동 전환",
    "description": "[StickyChat] Tweak Name"
  },
  "ChrDirCommand / Description": {
    "message": "클라이언트 측의 캐릭터 데이터가 저장되어있는 폴더를 여는 명령어를 추가합니다.",
    "description": "[ChrDirCommand] Tweak Description"
  },
  "ChrDirCommand / Name": {
    "message": "캐릭터 디렉토리 명령어",
    "description": "[ChrDirCommand] Tweak Name"
  },
  "CombatMovementControl / Description": {
    "message": "전투 중이거나 아닐 때 또는 무기를 꺼냈거나 아닐 때의 이동 조작 방식을 지정합니다.",
    "description": "[CombatMovementControl] Tweak Description"
  },
  "CombatMovementControl / Name": {
    "message": "전투 이동방식 제어",
    "description": "[CombatMovementControl] Tweak Name"
  },
  "CommandAlias / Description": {
    "message": "채팅창에 입력하는 명령어를 다른 명령어로 치환할 수 있습니다.",
    "description": "[CommandAlias] Tweak Description"
  },
  "CommandAlias / EmptyInputError": {
    "message": "Input은 빈칸일 수 없습니다.",
    "description": "[CommandAlias] Command Alias - Input must not be empty."
  },
  "CommandAlias / EmptyOutputError": {
    "message": "Output은 빈칸일 수 없습니다.",
    "description": "[CommandAlias] Command Alias - Output must not be empty."
  },
  "CommandAlias / Enabled": {
    "message": "활성화",
    "description": "[CommandAlias] Command Alias - Enabled"
  },
  "CommandAlias / Input Command": {
    "message": "Input 명령어",
    "description": "[CommandAlias] Command Alias - Input Command"
  },
  "CommandAlias / Instruction": {
    "message": "명령어 별칭 목록을 추가합니다. \"/\"로 시작할 수 없습니다.\n별칭들은 게임 디자인 상 매크로에는 사용할 수 없습니다.",
    "description": "[CommandAlias] Command Alias - Add list of command alias. Do not start command with the '/'\nThese aliases, by design, do not work with macros."
  },
  "CommandAlias / MacroHelp": {
    "message": "매크로 별칭은 서버에 백업할 시 서버에 전송되는 것을 막기 위해 매크로에서 지원되지 않습니다.\n매크로에는 원래의 명령어를 사용해 주세요.",
    "description": "[CommandAlias] Macro Help Tooltip"
  },
  "CommandAlias / Name": {
    "message": "명령어 별칭",
    "description": "[CommandAlias] Tweak Name"
  },
  "CommandAlias / New Label": {
    "message": "신규:",
    "description": "[CommandAlias] Command Alias - New:"
  },
  "CommandAlias / Output Command": {
    "message": "Output 명령어",
    "description": "[CommandAlias] Command Alias - Output Command"
  },
  "CommandAlias / ProtectedCommandError": {
    "message": "'/{0}'은 보호되는 명령어 입니다.",
    "description": "[CommandAlias] Command Alias - '/{0}' is a protected command."
  },
  "ContentsFinderConfirmClassSwitch / Description": {
    "message": "매칭 확인 창에서 '이전' 클래스 아이콘을 클릭하여 클래스를 변경할 수 있습니다.",
    "description": "[ContentsFinderConfirmClassSwitch] Tweak Description"
  },
  "ContentsFinderConfirmClassSwitch / Name": {
    "message": "매칭 확인 창 클래스 스위칭",
    "description": "[ContentsFinderConfirmClassSwitch] Tweak Name"
  },
  "DataCentreOnTitleScreen / Description": {
    "message": "타이틀 스크린에 현재 데이터 센터를 보여줍니다.",
    "description": "[DataCentreOnTitleScreen] Tweak Description"
  },
  "DataCentreOnTitleScreen / Name": {
    "message": "타이틀 화면에 데이터 센터 표시",
    "description": "[DataCentreOnTitleScreen] Tweak Name"
  },
  "DisableClickTargeting / AddButton": {
    "message": "추가",
    "description": "[DisableClickTargeting] Disable Click Targeting - Add"
  },
  "DisableClickTargeting / CombatHeader": {
    "message": "전투 중에만",
    "description": "[DisableClickTargeting] Disable Click Targeting - Only in\nCombat"
  },
  "DisableClickTargeting / DefaultNameText": {
    "message": "기본 (이름 매칭 없음)",
    "description": "[DisableClickTargeting] Disable Click Targeting - Default (Unmatched Names)"
  },
  "DisableClickTargeting / Description": {
    "message": "좌우 마우스 클릭을 통한 타게팅을 비활성화 합니다.",
    "description": "[DisableClickTargeting] Tweak Description"
  },
  "DisableClickTargeting / EverythingDisabled": {
    "message": "모든 옵션이 비활성화 되어 있을 때 아무것도 하지 않아요...",
    "description": "[DisableClickTargeting] Disable Click Targeting - It is doing nothing if everything is disabled..."
  },
  "DisableClickTargeting / LeftHeader": {
    "message": "좌클릭 비활성화",
    "description": "[DisableClickTargeting] Disable Click Targeting - Disable\nLeft"
  },
  "DisableClickTargeting / Name": {
    "message": "클릭 타게팅 비활성화",
    "description": "[DisableClickTargeting] Tweak Name"
  },
  "DisableClickTargeting / NameFiltering": {
    "message": "이름 필터링 활성화",
    "description": "[DisableClickTargeting] Disable Click Targeting - Enable Name Filtering"
  },
  "DisableClickTargeting / NameFiltersHelp": {
    "message": "각 액터 별 옵션 ",
    "description": "[DisableClickTargeting] Disable Click Targeting - Per actor options for "
  },
  "DisableClickTargeting / NameFiltersLabel": {
    "message": "이름 필터:",
    "description": "[DisableClickTargeting] Disable Click Targeting - Name Filters:"
  },
  "DisableClickTargeting / NameHeader": {
    "message": "\n이름",
    "description": "[DisableClickTargeting] Disable Click Targeting - \nName"
  },
  "DisableClickTargeting / NamePlaceholder": {
    "message": "이름",
    "description": "[DisableClickTargeting] Disable Click Targeting - Name"
  },
  "DisableClickTargeting / RemoveTooltip": {
    "message": "{0} 제거",
    "description": "[DisableClickTargeting] Disable Click Targeting - Remove {0}"
  },
  "DisableClickTargeting / RightHeader": {
    "message": "우클릭\n비활성화",
    "description": "[DisableClickTargeting] Disable Click Targeting - Disable\nRight"
  },
  "DisableClickTargeting / SimpleCombatOnly": {
    "message": "전투 중에만 비활성화",
    "description": "[DisableClickTargeting] Disable Click Targeting - Only disable in combat"
  },
  "DisableClickTargeting / SimpleDisableLeftClick": {
    "message": "좌클릭 타게팅 비활성화",
    "description": "[DisableClickTargeting] Disable Click Targeting - Disable Left Click Targeting"
  },
  "DisableClickTargeting / SimpleDisableRightClick": {
    "message": "우클릭 타게팅 비활성화",
    "description": "[DisableClickTargeting] Disable Click Targeting - Disable Right Click Targeting"
  },
  "DisableMountVolumeChange / Description": {
    "message": "탈것이 움직이지 않을 때 BGM의 소리가 작아지는 것을 방지합니다.",
    "description": "[DisableMountVolumeChange] Tweak Description"
  },
  "DisableMountVolumeChange / Name": {
    "message": "탈것 BGM 볼륨 변경 비활성화",
    "description": "[DisableMountVolumeChange] Tweak Name"
  },
  "DisableMouseCameraControl / Description": {
    "message": "마우스를 사용하는 모든 카메라 조작 비활성화.",
    "description": "[DisableMouseCameraControl] Tweak Description"
  },
  "DisableMouseCameraControl / Name": {
    "message": "마우스 카메라 조작 비활성화",
    "description": "[DisableMouseCameraControl] Tweak Name"
  },
  "DisableTitleScreenMovie / Description": {
    "message": "타이틀 화면에서 60초 후 재생되는 영상의 재생을 방지합니다.",
    "description": "[DisableTitleScreenMovie] Tweak Description"
  },
  "DisableTitleScreenMovie / Name": {
    "message": "타이틀 화면에서 대기 시 자동으로 재생되는 영상을 비활성화 합니다.",
    "description": "[DisableTitleScreenMovie] Tweak Name"
  },
  "EmoteLogSubcommand / Description": {
    "message": "감정표현 로그가 비활성화 되어 있을 때 사용할 수 있는 'text' 서브커맨드를 추가합니다. /yes text",
    "description": "[EmoteLogSubcommand] Tweak Description"
  },
  "EmoteLogSubcommand / Name": {
    "message": "감정표현 로그 서브커맨드",
    "description": "[EmoteLogSubcommand] Tweak Name"
  },
  "EstateListCommand / Description": {
    "message": "당신의 친구의 하우징 목록을 열 수 있는 명령어를 추가합니다. (/estatelist 닉네임)",
    "description": "[EstateListCommand] Tweak Description"
  },
  "EstateListCommand / Name": {
    "message": "하우징 리스트 커맨드",
    "description": "[EstateListCommand] Tweak Name"
  },
  "ExtendedMacroIcon / Description": {
    "message": "매크로 안에서 '/macroicon # id' 를 사용할 때 특정 아이콘 ID를 사용할 수 있습니다.",
    "description": "[ExtendedMacroIcon] Tweak Description"
  },
  "ExtendedMacroIcon / Name": {
    "message": "매크로 아이콘 확장",
    "description": "[ExtendedMacroIcon] Tweak Name"
  },
  "FixedShadowDistance / Description": {
    "message": "그림자 렌더링 거리를 고정해, 비행 시에도 변하지 않게 합니다.",
    "description": "[FixedShadowDistance] Tweak Description"
  },
  "FixedShadowDistance / Name": {
    "message": "그림자 렌더링 거리 고정",
    "description": "[FixedShadowDistance] Tweak Name"
  },
  "FixedShadowDistance / Shadow Distance": {
    "message": "그림자 표시 거리",
    "description": "[FixedShadowDistance] Fixed Shadow Distance - Shadow Distance"
  },
  "FixTarget / Description": {
    "message": "기본 명령어인 '/target' 명령어가 플레이어나 NPC의 이름을 이용해 타겟할 수 있도록 합니다.",
    "description": "[FixTarget] Tweak Description"
  },
  "FixTarget / Name": {
    "message": "'/target' 명령어 수정",
    "description": "[FixTarget] Tweak Name"
  },
  "General Options / Auto Open Changelog": {
    "message": "자동으로 새로운 변경 로그 열기",
    "description": "General Options / Auto Open Changelog - Open New Changelogs Automatically"
  },
  "General Options / Disable Changelog Notice": {
    "message": "변경 로그 알림 비활성화",
    "description": "General Options / Disable Changelog Notice - Disable Changelog Notifications"
  },
  "General Options / Formatting Culture": {
    "message": "포맷팅 설정",
    "description": "General Options / Formatting Culture - Formatting Culture"
  },
  "General Options / Hide KoFi": {
    "message": "Ko-fi 링크 숨김",
    "description": "General Options / Hide KoFi - Hide Ko-fi link."
  },
  "General Options / Language": {
    "message": "언어",
    "description": "General Options / Language - Language"
  },
  "General Options / Show Experimental Tweaks": {
    "message": "실험적 트윅 표시",
    "description": "General Options / Show Experimental Tweaks - Show Experimental Tweaks."
  },
  "General Options / Show Tweak Descriptions": {
    "message": "트윅 설명 표시",
    "description": "General Options / Show Tweak Descriptions - Show tweak descriptions."
  },
  "General Options / Show Tweak IDs": {
    "message": "트윅 ID 표시",
    "description": "General Options / Show Tweak IDs - Show tweak IDs."
  },
  "General Options / TabHeader": {
    "message": "일반 옵션",
    "description": "General Options / TabHeader - General Options"
  },
  "General Tweaks": {
    "message": "일반적인 트윅",
    "description": "General Tweaks Tab Header"
  },
  "Hide Tweak": {
    "message": "트윅 숨기기",
    "description": "Hide Tweak - Hide Tweak"
  },
  "HideHotbarLock / Description": {
    "message": "핫바 잠금 버튼을 숨깁니다. SHIFT를 홀드하고 있으면 다시 보이게 할 수 있는 옵션도 딸려있습니다.",
    "description": "[HideHotbarLock] Tweak Description"
  },
  "HideHotbarLock / Name": {
    "message": "핫바 잠금 버튼 숨기기",
    "description": "[HideHotbarLock] Tweak Name"
  },
  "HideMouseAfterInactivity / Description": {
    "message": "영상이 재생되는 상황처럼 일정 시간 동안 조작이 없으면 마우스 커서를 숨깁니다.",
    "description": "[HideMouseAfterInactivity] Tweak Description"
  },
  "HideMouseAfterInactivity / Name": {
    "message": "미활동 시 마우스 커서 숨기기",
    "description": "[HideMouseAfterInactivity] Tweak Name"
  },
  "HighResScreenshots / Description": {
    "message": "고해상도의 스크린 샷을 촬영할 수 있습니다. Dalamud 및 게임 UI를 숨기고 저작권 표시도 숨겨줍니다.",
    "description": "[HighResScreenshots] Tweak Description"
  },
  "HighResScreenshots / Name": {
    "message": "스크린 샷 개선",
    "description": "[HighResScreenshots] Tweak Name"
  },
  "HouseLightCommand / Description": {
    "message": "자기 소유의 하우징 구역에서 라이팅을 조절할 수 있는 명령어를 추가합니다.",
    "description": "[HouseLightCommand] Tweak Description"
  },
  "HouseLightCommand / Name": {
    "message": "하우징 라이팅 명령어",
    "description": "[HouseLightCommand] Tweak Name"
  },
  "JokeTweaks / Name": {
    "message": "조크 트윅",
    "description": "[JokeTweaks] Tweak Name"
  },
  "JokeTweaks@Fools2023 / Description": {
    "message": "2023년 만우절 기능을 재활성화 합니다.",
    "description": "[Fools2023] Tweak Description"
  },
  "JokeTweaks@Fools2023 / Name": {
    "message": "2023년 만우절",
    "description": "[Fools2023] Tweak Name"
  },
  "KeepOpen / Description": {
    "message": "특정 조건 하에서 특정 창이 닫히는 것을 방지합니다.",
    "description": "[KeepOpen] Tweak Description"
  },
  "KeepOpen / Name": {
    "message": "항상 창 열어두기",
    "description": "[KeepOpen] Tweak Name"
  },
  "KeyInterrupt / Description": {
    "message": "게임에 방해되지 않게 Alt-Tab 및 기타 키들의 입력을 막습니다.",
    "description": "[KeyInterrupt] Tweak Description"
  },
  "KeyInterrupt / Name": {
    "message": "키보드 게이밍 모드",
    "description": "[KeyInterrupt] Tweak Name"
  },
  "LegacyCameraLock / Description": {
    "message": "레거시 이동 방식을 사용할 때 카메라 회전을 방지합니다.",
    "description": "[LegacyCameraLock] Tweak Description"
  },
  "LegacyCameraLock / Name": {
    "message": "레거시 카메라 잠금",
    "description": "[LegacyCameraLock] Tweak Name"
  },
  "LongVeil / Description": {
    "message": "면사포를 언약식 때만 볼 수 있는 긴 면사포로 교체합니다.",
    "description": "[LongVeil] Tweak Description"
  },
  "LongVeil / Name": {
    "message": "긴 면사포",
    "description": "[LongVeil] Tweak Name"
  },
  "MainCommandCommand / Description": {
    "message": "채팅이나 매크로에서 임의의 메인 커맨드를 사용할 수 있게 하는 커맨드 '/maincommand [name]' 를 추가합니다.",
    "description": "[MainCommandCommand] Tweak Description"
  },
  "MainCommandCommand / Name": {
    "message": "메인 커맨드 트윅",
    "description": "[MainCommandCommand] Tweak Name"
  },
  "MinionAway / Description": {
    "message": "꼬마친구의 소환을 해제할 수 있는 명령어를 추가합니다. /minionaway",
    "description": "[MinionAway] Tweak Description"
  },
  "MinionAway / Name": {
    "message": "꼬마친구 소환 해제 명령어",
    "description": "[MinionAway] Tweak Name"
  },
  "MoreGearSets / Description": {
    "message": "장비세트 최대치를 100으로 늘립니다.",
    "description": "[MoreGearSets] Tweak Description"
  },
  "MoreGearSets / Name": {
    "message": "더 많은 장비세트",
    "description": "[MoreGearSets] Tweak Name"
  },
  "NoSellList / Description": {
    "message": "상인에게 팔지 못하게 할 아이템 목록을 정의할 수 있습니다.",
    "description": "[NoSellList] Tweak Description"
  },
  "NoSellList / Name": {
    "message": "NPC 판매 실수 방지",
    "description": "[NoSellList] Tweak Name"
  },
  "PidCommand / Description": {
    "message": "프로세스 ID를 보여주는 '/pid/' 명령어를 추가합니다.",
    "description": "[PidCommand] Tweak Description"
  },
  "PidCommand / Name": {
    "message": "프로세스 ID 표시 커맨드",
    "description": "[PidCommand] Tweak Name"
  },
  "QuickSellItems / Description": {
    "message": "원 클릭으로 인벤토리에 있는 아이템을 판매하려면 모디파이어 키를 홀드하세요.",
    "description": "[QuickSellItems] Tweak Description"
  },
  "QuickSellItems / Name": {
    "message": "빠른 아이템 판매",
    "description": "[QuickSellItems] Tweak Name"
  },
  "RecommendEquipCommand / Description": {
    "message": "최강 장비를 장비해주는 /equiprecommended 명령어를 추가합니다.",
    "description": "[RecommendEquipCommand] Tweak Description"
  },
  "RecommendEquipCommand / Name": {
    "message": "최강 장비 명령어",
    "description": "[RecommendEquipCommand] Tweak Name"
  },
  "RefreshMarketPrices / Description": {
    "message": "장터 검색 시 '잠시 후 다시 확인하십시오.' 메시지가 표시되면 자동으로 가격 조회를 재시도합니다.",
    "description": "[RefreshMarketPrices] Tweak Description"
  },
  "RefreshMarketPrices / Name": {
    "message": "장터 가격 갱신",
    "description": "[RefreshMarketPrices] Tweak Name"
  },
  "RememberQuickGathering / Description": {
    "message": "미지의 채집 장소에서 채집한 이후에도 간이 채집 상태를 유지합니다.",
    "description": "[RememberQuickGathering] Tweak Description"
  },
  "RememberQuickGathering / Name": {
    "message": "간이 채집 상태 유지",
    "description": "[RememberQuickGathering] Tweak Name"
  },
  "SanctuarySprintReplacer / Description": {
    "message": "무인도에 있을 때 일반 전력 질주를 무인도 전력 질주로 교체합니다.",
    "description": "[SanctuarySprintReplacer] Tweak Description"
  },
  "SanctuarySprintReplacer / Name": {
    "message": "무인도 전력 질주 교체",
    "description": "[SanctuarySprintReplacer] Tweak Name"
  },
  "ScreenshotFileName / Description": {
    "message": "스크린 샷의 파일 포맷을 변경합니다.",
    "description": "[ScreenshotFileName] Tweak Description"
  },
  "ScreenshotFileName / Name": {
    "message": "스크린 샷 파일 이름",
    "description": "[ScreenshotFileName] Tweak Name"
  },
  "SetOptionCommand / alias": {
    "message": "별칭",
    "description": "[SetOptionCommand] Set Option Command - alias"
  },
  "SetOptionCommand / Available Options": {
    "message": "사용 가능한 옵션",
    "description": "[SetOptionCommand] Set Option Command - Available Options"
  },
  "SetOptionCommand / Description": {
    "message": "여러 설정을 변경하기 위한 명령어를 추가합니다.",
    "description": "[SetOptionCommand] Tweak Description"
  },
  "SetOptionCommand / Name": {
    "message": "옵션 명령어 설정",
    "description": "[SetOptionCommand] Tweak Name"
  },
  "SetOptionCommand / option": {
    "message": "옵션",
    "description": "[SetOptionCommand] Set Option Command - option"
  },
  "SetOptionCommand / values": {
    "message": "값",
    "description": "[SetOptionCommand] Set Option Command - values"
  },
  "SmartStrafe / Description": {
    "message": "키보드 조작일 때 평행이동과 회전의 전환을 자연스럽게 합니다.\n(레거시 조작 타입 사용 시에만 유효)",
    "description": "[SmartStrafe] Tweak Description"
  },
  "SmartStrafe / Name": {
    "message": "스마트 스트레이프",
    "description": "[SmartStrafe] Tweak Name"
  },
  "SyncCrafterBars / Description": {
    "message": "제작직 단축바를 동기화합니다.",
    "description": "[SyncCrafterBars] Tweak Description"
  },
  "SyncCrafterBars / Name": {
    "message": "제작직 단축바 동기화",
    "description": "[SyncCrafterBars] Tweak Name"
  },
  "SyncGathererBars / Description": {
    "message": "광부와 원예가의 단축바를 동기화 합니다.",
    "description": "[SyncGathererBars] Tweak Description"
  },
  "SyncGathererBars / Name": {
    "message": "채집직 단축바 동기화",
    "description": "[SyncGathererBars] Tweak Name"
  },
  "SystemConfigInGroupPose / Description": {
    "message": "GPose 사용 중에도 /systemconfig 명령어를 사용할 수 있게 합니다.",
    "description": "[SystemConfigInGroupPose] Tweak Description"
  },
  "SystemConfigInGroupPose / Name": {
    "message": "GPose 상태에서의 시스템 설정",
    "description": "[SystemConfigInGroupPose] Tweak Name"
  },
  "TooltipTweaks / Name": {
    "message": "툴팁 트윅",
    "description": "[TooltipTweaks] Tweak Name"
  },
  "TooltipTweaks@AdditionalItemInfo / Description": {
    "message": "아이템 툴팁에 추가 정보를 추가합니다.",
    "description": "[AdditionalItemInfo] Tweak Description"
  },
  "TooltipTweaks@AdditionalItemInfo / Name": {
    "message": "툴팁 추가 정보",
    "description": "[AdditionalItemInfo] Tweak Name"
  },
  "TooltipTweaks@BlueActionInfo / Description": {
    "message": "청마도사 기술 툴팁에 대미지 타입, 속성 그리고 랭크 정보를 추가합니다.",
    "description": "[BlueActionInfo] Tweak Description"
  },
  "TooltipTweaks@BlueActionInfo / Name": {
    "message": "향샹된 청마도사 기술 툴팁",
    "description": "[BlueActionInfo] Tweak Name"
  },
  "TooltipTweaks@CopyHotkey / Browser Only": {
    "message": "브라우저 전용",
    "description": "[CopyHotkey] Item Hotkeys - Browser Only"
  },
  "TooltipTweaks@CopyHotkey / Cancel": {
    "message": "취소",
    "description": "[CopyHotkey] Item Hotkeys - Cancel"
  },
  "TooltipTweaks@CopyHotkey / Confirm": {
    "message": "확인",
    "description": "[CopyHotkey] Item Hotkeys - Confirm"
  },
  "TooltipTweaks@CopyHotkey / Copy Item Name": {
    "message": "아이템 이름 복사",
    "description": "[CopyHotkey] Item Hotkeys - Copy Item Name"
  },
  "TooltipTweaks@CopyHotkey / Description": {
    "message": "아이템 정보 창을 볼 때 사용할 수 있는 다양한 기능의 핫키를 추가합니다.",
    "description": "[CopyHotkey] Tweak Description"
  },
  "TooltipTweaks@CopyHotkey / Name": {
    "message": "아이템 핫키",
    "description": "[CopyHotkey] Tweak Name"
  },
  "TooltipTweaks@CopyHotkey / NoHelpText": {
    "message": "툴팁에 핫키 도움말을 표시하지 않기",
    "description": "[CopyHotkey] Item Hotkeys - Don't show hotkey help on Tooltip"
  },
  "TooltipTweaks@CopyHotkey / Set Keybind": {
    "message": "단축키 설정",
    "description": "[CopyHotkey] Item Hotkeys - Set Keybind"
  },
  "TooltipTweaks@CopyHotkey / View on Eriones (JP)": {
    "message": "Eriones에서 보기 (JP)",
    "description": "[CopyHotkey] Item Hotkeys - View on Eriones (JP)"
  },
  "TooltipTweaks@CopyHotkey / View on Gamer Escape": {
    "message": "Gamer Escape에서 보기",
    "description": "[CopyHotkey] Item Hotkeys - View on Gamer Escape"
  },
  "TooltipTweaks@CopyHotkey / View on Garland Tools": {
    "message": "Garland Tools에서 보기",
    "description": "[CopyHotkey] Item Hotkeys - View on Garland Tools"
  },
  "TooltipTweaks@CopyHotkey / View on Teamcraft": {
    "message": "Teamcraft에서 보기",
    "description": "[CopyHotkey] Item Hotkeys - View on Teamcraft"
  },
  "TooltipTweaks@CraftingActionInfo / Description": {
    "message": "툴팁에 제작 스킬의 효과가 계산된 수치를 추가 합니다.",
    "description": "[CraftingActionInfo] Tweak Description"
  },
  "TooltipTweaks@CraftingActionInfo / Name": {
    "message": "향상된 제작 기술 툴팁",
    "description": "[CraftingActionInfo] Tweak Name"
  },
  "TooltipTweaks@DesynthesisSkill / Colour Value": {
    "message": "최종값 색상 표시",
    "description": "[DesynthesisSkill] Show Desynthesis Skill - Colour Value"
  },
  "TooltipTweaks@DesynthesisSkill / Description": {
    "message": "분해 가능한 아이템을 보고 있을 때 현재 분해 숙련도를 표시합니다.",
    "description": "[DesynthesisSkill] Tweak Description"
  },
  "TooltipTweaks@DesynthesisSkill / Desynthesis Delta": {
    "message": "분해도 차이 표시",
    "description": "[DesynthesisSkill] Show Desynthesis Skill - Desynthesis Delta"
  },
  "TooltipTweaks@DesynthesisSkill / Name": {
    "message": "분해 숙련도 표시",
    "description": "[DesynthesisSkill] Tweak Name"
  },
  "TooltipTweaks@FoodStats / Description": {
    "message": "캐릭터의 현재 스탯에 기반해 소모품의 효과를 계산합니다.",
    "description": "[FoodStats] Tweak Description"
  },
  "TooltipTweaks@FoodStats / Highlight Active": {
    "message": "하이라이트 활성화",
    "description": "[FoodStats] Show expected food and potion stats - Highlight Active"
  },
  "TooltipTweaks@FoodStats / Name": {
    "message": "움식과 약의 예상 효과 표시",
    "description": "[FoodStats] Tweak Name"
  },
  "TooltipTweaks@HideTooltipsInCombat / Description": {
    "message": "전투 중 스킬이나 아이템의 툴팁을 숨깁니다.",
    "description": "[HideTooltipsInCombat] Tweak Description"
  },
  "TooltipTweaks@HideTooltipsInCombat / Name": {
    "message": "전투 중 툴팁 숨기기",
    "description": "[HideTooltipsInCombat] Tweak Name"
  },
  "TooltipTweaks@ItemHotkeys / Description": {
    "message": "아이템 정보 창을 볼 때 사용할 수 있는 다양한 기능의 핫키를 추가합니다.",
    "description": "[ItemHotkeys] Tweak Description"
  },
  "TooltipTweaks@ItemHotkeys / Name": {
    "message": "아이템 핫키",
    "description": "[ItemHotkeys] Tweak Name"
  },
  "TooltipTweaks@MateriaStats / Colour Value": {
    "message": "최종값 색상 표시",
    "description": "[MateriaStats] Materia Stats - Colour Value"
  },
  "TooltipTweaks@MateriaStats / Description": {
    "message": "스탯을 보여줄 때 마테리아로 추가된 값을 포함해 보여줍니다.",
    "description": "[MateriaStats] Tweak Description"
  },
  "TooltipTweaks@MateriaStats / Name": {
    "message": "마테리아 스탯",
    "description": "[MateriaStats] Tweak Name"
  },
  "TooltipTweaks@MateriaStats / Show Delta": {
    "message": "추가값 표시",
    "description": "[MateriaStats] Materia Stats - Show Delta"
  },
  "TooltipTweaks@MateriaStats / Show Total": {
    "message": "최종값 표시",
    "description": "[MateriaStats] Materia Stats - Show Total"
  },
  "TooltipTweaks@MateriaStats / Simplified Combined Display": {
    "message": "수식 표시",
    "description": "[MateriaStats] Materia Stats - Simplified Combined Display"
  },
  "TooltipTweaks@PaintingPreview / Description": {
    "message": "아이템 툴팁에 염색 이미지 프리뷰를 추가합니다.",
    "description": "[PaintingPreview] Tweak Description"
  },
  "TooltipTweaks@PaintingPreview / Name": {
    "message": "염색 프리뷰 표시",
    "description": "[PaintingPreview] Tweak Name"
  },
  "TooltipTweaks@PrecisionDurability / Description": {
    "message": "내구도를 소수점 단위로 보여줍니다.",
    "description": "[PrecisionDurability] Tweak Description"
  },
  "TooltipTweaks@PrecisionDurability / Name": {
    "message": "정확한 내구도",
    "description": "[PrecisionDurability] Tweak Name"
  },
  "TooltipTweaks@PrecisionDurability / Trailing Zeros": {
    "message": "후행 0 절사",
    "description": "[PrecisionDurability] Precise Durability - Trailing Zeros"
  },
  "TooltipTweaks@PrecisionSpiritbond / Description": {
    "message": "결속도를 소수점 단위로 보여줍니다.",
    "description": "[PrecisionSpiritbond] Tweak Description"
  },
  "TooltipTweaks@PrecisionSpiritbond / Name": {
    "message": "정확한 결속도",
    "description": "[PrecisionSpiritbond] Tweak Name"
  },
  "TooltipTweaks@PrecisionSpiritbond / Trailing Zeros": {
    "message": "후행 0 절사",
    "description": "[PrecisionSpiritbond] Precise Spiritbond - Trailing Zeros"
  },
  "TooltipTweaks@ShowItemID / Description": {
    "message": "액션이나 아이템의 툴팁에 ID를 표시합니다.",
    "description": "[ShowItemID] Tweak Description"
  },
  "TooltipTweaks@ShowItemID / Name": {
    "message": "ID 표시",
    "description": "[ShowItemID] Tweak Name"
  },
  "TooltipTweaks@ShowItemID / Show Both HEX and Decimal": {
    "message": "16진수와 10진수 모두 표시",
    "description": "[ShowItemID] [Config] Show Both HEX and Decimal"
  },
  "TooltipTweaks@ShowItemID / Use Hexadecimal ID": {
    "message": "16진수 ID 사용",
    "description": "[ShowItemID] [Config] Use Hexadecimal ID"
  },
  "TooltipTweaks@SimplifiedClassJobDisplay / Description": {
    "message": "장비 툴팁에 열지 않은 직업이 표시되는 것을 숨깁니다.",
    "description": "[SimplifiedClassJobDisplay] Tweak Description"
  },
  "TooltipTweaks@SimplifiedClassJobDisplay / Name": {
    "message": "심플 장비 잡 표시",
    "description": "[SimplifiedClassJobDisplay] Tweak Name"
  },
  "TooltipTweaks@TrackFadedRolls / Description": {
    "message": "이미 획득한 악보에 체크마크를 추가합니다.",
    "description": "[TrackFadedRolls] Tweak Description"
  },
  "TooltipTweaks@TrackFadedRolls / Name": {
    "message": "획득한 악보 추척",
    "description": "[TrackFadedRolls] Tweak Name"
  },
  "TooltipTweaks@TrackGachaItems / Description": {
    "message": "트리플 트라이어의 카드 팩 같은 가챠 아이템의 모든 잠재 아이템을 얻었을 때 체크 마크를 추가합니다.",
    "description": "[TrackGachaItems] Tweak Description"
  },
  "TooltipTweaks@TrackGachaItems / Name": {
    "message": "가챠 아이템 추척",
    "description": "[TrackGachaItems] Tweak Name"
  },
  "TreasureHuntTargets / Description": {
    "message": "보물 지도를 탐색했을 때 다른 플레이어의 몹에 대한 타게팅을 비활성화 합니다.",
    "description": "[TreasureHuntTargets] Tweak Description"
  },
  "TreasureHuntTargets / Name": {
    "message": "타인의 보물 지도 몹 타게팅 방지",
    "description": "[TreasureHuntTargets] Tweak Name"
  },
  "TryOnCorrectItem / Description": {
    "message": "투영된 아이템을 미리보기할 때 원래 장비의 외형을 보여줍니다.",
    "description": "[TryOnCorrectItem] Tweak Description"
  },
  "TryOnCorrectItem / Name": {
    "message": "투영된 장비 시착 방지",
    "description": "[TryOnCorrectItem] Tweak Name"
  },
  "UiAdjustments / Name": {
    "message": "UI 트윅",
    "description": "[UiAdjustments] Tweak Name"
  },
  "UiAdjustments@AccurateVentureTimes / Description": {
    "message": "집사수행 완료까지 남은 시간을 초 단위로 표시해 줍니다.",
    "description": "[AccurateVentureTimes] Tweak Description"
  },
  "UiAdjustments@AccurateVentureTimes / Name": {
    "message": "정확한 집사수행 시간",
    "description": "[AccurateVentureTimes] Tweak Name"
  },
  "UiAdjustments@AccurateVentureTimes / Simple Display": {
    "message": "간단하게 보기",
    "description": "[AccurateVentureTimes] [Config] Simple Display"
  },
  "UiAdjustments@ActionPressMirroring / Description": {
    "message": "입력한 단축키에 지정된 스킬을 가진 단축바 슬롯에 모두 입력 신호를 보냅니다.",
    "description": "[ActionPressMirroring] Tweak Description"
  },
  "UiAdjustments@ActionPressMirroring / Name": {
    "message": "단축바 간 기술 입력 복제",
    "description": "[ActionPressMirroring] Tweak Name"
  },
  "UiAdjustments@AlwaysYes / Description": {
    "message": "선택창에서 항상 \"예\" 쪽에 커서가 놓이도록 설정합니다.",
    "description": "[AlwaysYes] Tweak Description"
  },
  "UiAdjustments@AlwaysYes / Name": {
    "message": "항상 \"예\"로 놓기",
    "description": "[AlwaysYes] Tweak Name"
  },
  "UiAdjustments@BattleTalkAdjustments / Description": {
    "message": "전투 중 보이는 NPC 대사창의 위치를 변경합니다.",
    "description": "[BattleTalkAdjustments] Tweak Description"
  },
  "UiAdjustments@BattleTalkAdjustments / Name": {
    "message": "전투 중 대사창 위치 조정",
    "description": "[BattleTalkAdjustments] Tweak Name"
  },
  "UiAdjustments@BattleTalkAdjustments / PositionPreviewText": {
    "message": "새로운 대사창 위치",
    "description": "[BattleTalkAdjustments] Battle Talk Adjustments - NEW BATTLE TALK DIALOGUE BOX POSITION"
  },
  "UiAdjustments@BattleTalkAdjustments / Scale": {
    "message": "크기",
    "description": "[BattleTalkAdjustments] Battle Talk Adjustments - Scale"
  },
  "UiAdjustments@BattleTalkAdjustments / X Offset": {
    "message": "X 오프셋",
    "description": "[BattleTalkAdjustments] Battle Talk Adjustments - X Offset"
  },
  "UiAdjustments@BattleTalkAdjustments / Y Offset": {
    "message": "Y 오프셋",
    "description": "[BattleTalkAdjustments] Battle Talk Adjustments - Y Offset"
  },
  "UiAdjustments@CastBarAdjustments / Align Ability Name": {
    "message": "어빌리티 이름 정렬",
    "description": "[CastBarAdjustments] Cast Bar Adjustments - Align Ability Name"
  },
  "UiAdjustments@CastBarAdjustments / Align Countdown Text": {
    "message": "카운트다운 텍스트 정렬",
    "description": "[CastBarAdjustments] Cast Bar Adjustments - Align Countdown Text"
  },
  "UiAdjustments@CastBarAdjustments / Description": {
    "message": "캐스팅 바의 특정 부분을 숨기거나 이동할 수 있습니다.",
    "description": "[CastBarAdjustments] Tweak Description"
  },
  "UiAdjustments@CastBarAdjustments / Hide Ability Name": {
    "message": "어빌리티 이름 숨기기",
    "description": "[CastBarAdjustments] Cast Bar Adjustments - Hide Ability Name"
  },
  "UiAdjustments@CastBarAdjustments / Hide Casting": {
    "message": "'CAST' 텍스트를 숨기기",
    "description": "[CastBarAdjustments] Cast Bar Adjustments - Hide 'Casting' Text"
  },
  "UiAdjustments@CastBarAdjustments / Hide Countdown Text": {
    "message": "카운트다운 텍스트 숨기기",
    "description": "[CastBarAdjustments] Cast Bar Adjustments - Hide Countdown Text"
  },
  "UiAdjustments@CastBarAdjustments / Hide Icon": {
    "message": "아이콘 숨기기",
    "description": "[CastBarAdjustments] Cast Bar Adjustments - Hide Icon"
  },
  "UiAdjustments@CastBarAdjustments / Hide Interrupted Text": {
    "message": "'취소' 텍스트 숨기기",
    "description": "[CastBarAdjustments] Cast Bar Adjustments - Hide Interrupted Text"
  },
  "UiAdjustments@CastBarAdjustments / Name": {
    "message": "캐스팅 바 조정",
    "description": "[CastBarAdjustments] Tweak Name"
  },
  "UiAdjustments@CastBarAdjustments / Offset": {
    "message": "오프셋",
    "description": "[CastBarAdjustments] Cast Bar Adjustments - Offset"
  },
  "UiAdjustments@CastBarAdjustments / Show SlideCast Marker": {
    "message": "SlideCast 마커 표시",
    "description": "[CastBarAdjustments] Cast Bar Adjustments - Show SlideCast Marker"
  },
  "UiAdjustments@CastBarAdjustments / SlideCast Marker Colour": {
    "message": "SlideCast 마커 색상",
    "description": "[CastBarAdjustments] Cast Bar Adjustments - SlideCast Marker Colour"
  },
  "UiAdjustments@CastBarAdjustments / SlideCast Offset Time": {
    "message": "SlideCast 시간 보정",
    "description": "[CastBarAdjustments] Cast Bar Adjustments - SlideCast Offset Time"
  },
  "UiAdjustments@CastBarAdjustments / SlideCast Ready Colour": {
    "message": "SlideCast 가능 시 색상",
    "description": "[CastBarAdjustments] Cast Bar Adjustments - SlideCast Ready Colour"
  },
  "UiAdjustments@ChangeMapAreaColors / Description": {
    "message": "퀘스트 목표나 돌발 임무처럼 지도에 보이는 일부 영역의 색상을 변경할 수 있게 합니다.",
    "description": "[ChangeMapAreaColors] Tweak Description"
  },
  "UiAdjustments@ChangeMapAreaColors / Name": {
    "message": "맵 영역 색상 변경",
    "description": "[ChangeMapAreaColors] Tweak Name"
  },
  "UiAdjustments@ColoredDutyRoulette / Description": {
    "message": "무작위 임무의 이름에 임무의 완료 여부를 나타낼 수 있도록 색을 입힙니다.",
    "description": "[ColoredDutyRoulette] Tweak Description"
  },
  "UiAdjustments@ColoredDutyRoulette / Name": {
    "message": "무작위 임무 이름 색상 표시",
    "description": "[ColoredDutyRoulette] Tweak Name"
  },
  "UiAdjustments@ComboTimer / Always Visible": {
    "message": "항상 표시",
    "description": "[ComboTimer] [Config] Always Visible"
  },
  "UiAdjustments@ComboTimer / Description": {
    "message": "콤보 기술의 카운트다운을 표시합니다.",
    "description": "[ComboTimer] Tweak Description"
  },
  "UiAdjustments@ComboTimer / Font Size": {
    "message": "폰트 크기",
    "description": "[ComboTimer] [Config] Font Size"
  },
  "UiAdjustments@ComboTimer / Hide 'COMBO' Text": {
    "message": "'COMBO' 텍스트 숨김",
    "description": "[ComboTimer] [Config] Hide 'COMBO' Text"
  },
  "UiAdjustments@ComboTimer / Name": {
    "message": "콤보 타이머",
    "description": "[ComboTimer] Tweak Name"
  },
  "UiAdjustments@ComboTimer / Text Color": {
    "message": "텍스트 생상",
    "description": "[ComboTimer] [Config] Text Color"
  },
  "UiAdjustments@ComboTimer / Text Outline Color": {
    "message": "텍스트 외곽선 색상",
    "description": "[ComboTimer] [Config] Text Outline Color"
  },
  "UiAdjustments@ComboTimer / X Position Offset": {
    "message": "X 위치 오프셋",
    "description": "[ComboTimer] [Config] X Position Offset"
  },
  "UiAdjustments@ComboTimer / Y Position Offset": {
    "message": "Y 위치 오프셋",
    "description": "[ComboTimer] [Config] Y Position Offset"
  },
  "UiAdjustments@ControlHintMirroring / Description": {
    "message": "한 스킬이 2개 이상 단축바에 지정되어 있는 경우 단축키가 지정되지 않은 단축바 슬롯에 단축키가 지정된 단축바 슬롯의 단축키 힌트를 표시합니다.",
    "description": "[ControlHintMirroring] Tweak Description"
  },
  "UiAdjustments@ControlHintMirroring / Name": {
    "message": "단축바의 단축키 힌트를 복제",
    "description": "[ControlHintMirroring] Tweak Name"
  },
  "UiAdjustments@CustomFreeCompanyTags / AddButton": {
    "message": "추가",
    "description": "[CustomFreeCompanyTags] Custom Free Company Tags - Add"
  },
  "UiAdjustments@CustomFreeCompanyTags / ColourHelpLink": {
    "message": "여기를 클릭해 모든 지원하는 색상과 외곽선 처리들을 확인할 수 있습니다.",
    "description": "[CustomFreeCompanyTags] Custom Free Company Tags - Click here for a list of supported colours and glows."
  },
  "UiAdjustments@CustomFreeCompanyTags / Description": {
    "message": "자유부대와 나그네 태그를 숨기거나 커스터마이징 할 수 있습니다.",
    "description": "[CustomFreeCompanyTags] Tweak Description"
  },
  "UiAdjustments@CustomFreeCompanyTags / DuplicateNameError": {
    "message": "이 이름은 이미 추가되었습니다.",
    "description": "[CustomFreeCompanyTags] Custom Free Company Tags - This name is already added."
  },
  "UiAdjustments@CustomFreeCompanyTags / FC Tag": {
    "message": "자유부대 약칭",
    "description": "[CustomFreeCompanyTags] Custom Free Company Tags - FC Tag"
  },
  "UiAdjustments@CustomFreeCompanyTags / FCAlreadyAddedError": {
    "message": "자유부대가 이미 리스트에 있습니다.",
    "description": "[CustomFreeCompanyTags] Custom Free Company Tags - FC is already on list."
  },
  "UiAdjustments@CustomFreeCompanyTags / Name": {
    "message": "커스텀 자유 부대 약칭",
    "description": "[CustomFreeCompanyTags] Tweak Name"
  },
  "UiAdjustments@CustomFreeCompanyTags / NoFCNote": {
    "message": "리스트에 추가하려는 자유부대의 이름을 입력하세요.",
    "description": "[CustomFreeCompanyTags] Custom Free Company Tags - Enter name to add FC to list."
  },
  "UiAdjustments@CustomFreeCompanyTags / Replace": {
    "message": "변경",
    "description": "[CustomFreeCompanyTags] Custom Free Company Tags - Replace"
  },
  "UiAdjustments@CustomFreeCompanyTags / Replacement": {
    "message": "변경 후 텍스트",
    "description": "[CustomFreeCompanyTags] Custom Free Company Tags - Replacement"
  },
  "UiAdjustments@CustomTimeFormat / Description": {
    "message": "게임 내 시계에 커스텀 시간 포맷을 사용할 수 있습니다. C# 포매팅 문자열을 사용합니다.",
    "description": "[CustomTimeFormat] Tweak Description"
  },
  "UiAdjustments@CustomTimeFormat / Eorzea Time": {
    "message": "에오르제아 시간",
    "description": "[CustomTimeFormat] Custom Time Formats - Eorzea Time"
  },
  "UiAdjustments@CustomTimeFormat / Local Time": {
    "message": "로컬 시간",
    "description": "[CustomTimeFormat] Custom Time Formats - Local Time"
  },
  "UiAdjustments@CustomTimeFormat / Name": {
    "message": "커스텀 시간 포맷",
    "description": "[CustomTimeFormat] Tweak Name"
  },
  "UiAdjustments@CustomTimeFormat / Server Time": {
    "message": "서버 시간",
    "description": "[CustomTimeFormat] Custom Time Formats - Server Time"
  },
  "UiAdjustments@DutyListBackground / Name": {
    "message": "임무 목록 배경",
    "description": "[BlacklistedTweak] Tweak Name"
  },
  "UiAdjustments@ExamineItemLevel / Description": {
    "message": "살펴보기를 통해 다른 플레이어의 평균 아이템 레벨을 계산하고 표시해줍니다.\n빨간 값은 플레이어가 자신의 레벨에 맞춰 조절되는 아이템을 입고 있다는 것을 의미하며 최대 레벨을 표시합니다.",
    "description": "[ExamineItemLevel] Tweak Description"
  },
  "UiAdjustments@ExamineItemLevel / ItemLevelIcon": {
    "message": "아이템 레벨 아이콘 표시",
    "description": "[ExamineItemLevel] Item Level in Examine - Show Item Level Icon"
  },
  "UiAdjustments@ExamineItemLevel / Name": {
    "message": "상대방 아이템 레벨 계산",
    "description": "[ExamineItemLevel] Tweak Name"
  },
  "UiAdjustments@ExpandedCurrencyDisplay / Description": {
    "message": "추가 화폐를 표시해 줍니다.",
    "description": "[ExpandedCurrencyDisplay] Tweak Description"
  },
  "UiAdjustments@ExpandedCurrencyDisplay / Name": {
    "message": "확장된 화페 디스플레이",
    "description": "[ExpandedCurrencyDisplay] Tweak Name"
  },
  "UiAdjustments@ExpPercentage / Decimals": {
    "message": "소수점",
    "description": "[ExpPercentage] [Config] Decimals"
  },
  "UiAdjustments@ExpPercentage / Description": {
    "message": "경험치 바에 현재 경험치 획득량을 퍼센트로 표시합니다.",
    "description": "[ExpPercentage] Tweak Description"
  },
  "UiAdjustments@ExpPercentage / Name": {
    "message": "경험치 획득량 퍼센트로 표시",
    "description": "[ExpPercentage] Tweak Name"
  },
  "UiAdjustments@ExpPercentage / Only show percentage": {
    "message": "퍼센트만 표시",
    "description": "[ExpPercentage] [Config] Only show percentage"
  },
  "UiAdjustments@ExtendedDesynthesisWindow / BlockClickOnGearset": {
    "message": "장비세트에 등록된 아이템이 클릭되는 것을 방지합니다.",
    "description": "[ExtendedDesynthesisWindow] Extended Desynthesis Window - Block clicking on gearset items."
  },
  "UiAdjustments@ExtendedDesynthesisWindow / Description": {
    "message": "분해 창에서 현재 분해 숙련도와 아이템의 분해 적정 레벨을 표시합니다.\n또한 아이템이 장비세트에 등록되어 있는지 표시하고, 옵션에서 장비세트에 등록된 아이템의 선택을 방지할 수 있습니다.",
    "description": "[ExtendedDesynthesisWindow] Tweak Description"
  },
  "UiAdjustments@ExtendedDesynthesisWindow / DesynthesisDelta": {
    "message": "분해 숙련도 차이 표시",
    "description": "[ExtendedDesynthesisWindow] Extended Desynthesis Window - Show desynthesis delta"
  },
  "UiAdjustments@ExtendedDesynthesisWindow / ExcludeGearSet": {
    "message": "장비세트에 등록된 아이템.",
    "description": "[ExtendedDesynthesisWindow] Extended Desynthesis Window - Items in gear sets."
  },
  "UiAdjustments@ExtendedDesynthesisWindow / ExcludeHeader": {
    "message": "'All Items' 카테고리에서 제외:",
    "description": "[ExtendedDesynthesisWindow] Extended Desynthesis Window - Exlude from the 'All Items' category:"
  },
  "UiAdjustments@ExtendedDesynthesisWindow / ExcludeNoSkill": {
    "message": "분해 숙련도를 올려주지 않는 아이템.",
    "description": "[ExtendedDesynthesisWindow] Extended Desynthesis Window - Items that give no desynthesis levels."
  },
  "UiAdjustments@ExtendedDesynthesisWindow / LimitNote": {
    "message": "알림: 한 번에 표시할 수 있는 아이템의 개수는 140개입니다. 그 이상은 표시되지 않습니다.",
    "description": "[ExtendedDesynthesisWindow] Extended Desynthesis Window - Note: Only 140 items can be displayed at once, anything more will be cut off."
  },
  "UiAdjustments@ExtendedDesynthesisWindow / Name": {
    "message": "확장된 분해 창",
    "description": "[ExtendedDesynthesisWindow] Tweak Name"
  },
  "UiAdjustments@ExtendedDesynthesisWindow / ShowAll": {
    "message": "'모든 아이템 보기' 필터 추가",
    "description": "[ExtendedDesynthesisWindow] Extended Desynthesis Window - Add option to show all items"
  },
  "UiAdjustments@ExtendedDesynthesisWindow / YellowForSkillGain": {
    "message": "예상 숙련도 획득량 하이라이트 (주황)",
    "description": "[ExtendedDesynthesisWindow] Extended Desynthesis Window - Highlight potential skill gains (Yellow)"
  },
  "UiAdjustments@ExtraEstateTeleportation / Description": {
    "message": "더 많은 장소에 대해 하우징 텔레포트 옵션을 추가합니다.",
    "description": "[ExtraEstateTeleportation] Tweak Description"
  },
  "UiAdjustments@ExtraEstateTeleportation / Name": {
    "message": "확장된 하우징 텔레포",
    "description": "[ExtraEstateTeleportation] Tweak Name"
  },
  "UiAdjustments@ExtraEstateTeleportation / PartyList": {
    "message": "파티 리스트",
    "description": "[ExtraEstateTeleportation] Extra Estate Teleportation - Party List"
  },
  "UiAdjustments@ExtraEstateTeleportation / PartyMemberList": {
    "message": "파티원 리스트 (플레이어 간 교류)",
    "description": "[ExtraEstateTeleportation] Extra Estate Teleportation - Party Member List (Social window)"
  },
  "UiAdjustments@FadeUnavailableActions / Description": {
    "message": "스킬이 사용 불가능 할 때 어이콘을 어둡게 하는 것이 아니라 투명하게 만듭니다.",
    "description": "[FadeUnavailableActions] Tweak Description"
  },
  "UiAdjustments@FadeUnavailableActions / Name": {
    "message": "사용 불가능한 스킬 투명하게",
    "description": "[FadeUnavailableActions] Tweak Name"
  },
  "UiAdjustments@GearPositions / Description": {
    "message": "캐릭터 메뉴의 장비 위치를 조정하여 보다 보기 좋은 레이아웃을 제공합니다.",
    "description": "[GearPositions] Tweak Description"
  },
  "UiAdjustments@GearPositions / Name": {
    "message": "장비 위치 조정",
    "description": "[GearPositions] Tweak Name"
  },
  "UiAdjustments@HideAchievementsNotifications / Description": {
    "message": "로그인 직후나 맵 이동 후의 업적 알림을 완전히 숨깁니다.",
    "description": "[HideAchievementsNotifications] Tweak Description"
  },
  "UiAdjustments@HideAchievementsNotifications / HideLogIn": {
    "message": "로그인 알림을 숨깁니다.",
    "description": "[HideAchievementsNotifications] Hide Achievements Nearing Completion Notifications - Hide the login notification."
  },
  "UiAdjustments@HideAchievementsNotifications / HideZoneIn": {
    "message": "맵 이동 알림을 숨깁니다.",
    "description": "[HideAchievementsNotifications] Hide Achievements Nearing Completion Notifications - Hide the zone-in notification."
  },
  "UiAdjustments@HideAchievementsNotifications / Name": {
    "message": "달성 가능한 업적 알림 숨기기",
    "description": "[HideAchievementsNotifications] Tweak Name"
  },
  "UiAdjustments@HideExperienceBar / Description": {
    "message": "레벨이 최대가 되면 경험치 바를 숨깁니다.",
    "description": "[HideExperienceBar] Tweak Description"
  },
  "UiAdjustments@HideExperienceBar / Name": {
    "message": "최대 레벨일 때 경험치 바 숨기기",
    "description": "[HideExperienceBar] Tweak Name"
  },
  "UiAdjustments@HideJobGauge / Description": {
    "message": "전투 중이나 컨텐츠 중이 아닐 시, 잡 게이지를 숨깁니다.",
    "description": "[HideJobGauge] Tweak Description"
  },
  "UiAdjustments@HideJobGauge / Name": {
    "message": "잡 게이지 숨기기",
    "description": "[HideJobGauge] Tweak Name"
  },
  "UiAdjustments@HideJobGauge / Show In Combat": {
    "message": "전투 시 표시",
    "description": "[HideJobGauge] [Config] Show In Combat"
  },
  "UiAdjustments@HideJobGauge / Show In Duty": {
    "message": "컨텐츠 입장 시 표시",
    "description": "[HideJobGauge] [Config] Show In Duty"
  },
  "UiAdjustments@HideQualityWhenNoHQ / Description": {
    "message": "HQ나 소장품을 제작하지 않는(혹은 할 수 없는) 경우 제작 창에서 품질 막대를 숨깁니다.",
    "description": "[HideQualityWhenNoHQ] Tweak Description"
  },
  "UiAdjustments@HideQualityWhenNoHQ / Name": {
    "message": "HQ 제작 불가한 아이템 제작 시 품질 바 숨기기",
    "description": "[HideQualityWhenNoHQ] Tweak Name"
  },
  "UiAdjustments@HideTargetCircle / Description": {
    "message": "전투 중이 아니거나 던전에 있지 않을 때 대상 원을 숨길 수 있습니다.",
    "description": "[HideTargetCircle] Tweak Description"
  },
  "UiAdjustments@HideTargetCircle / Name": {
    "message": "대상 원 숨기기",
    "description": "[HideTargetCircle] Tweak Name"
  },
  "UiAdjustments@HideUnwantedBanner / Description": {
    "message": "'집사 수행 완료됨'이나 '길드 의뢰 수락'과 같은 정보 배너를 숨깁니다.",
    "description": "[HideUnwantedBanner] Tweak Description"
  },
  "UiAdjustments@HideUnwantedBanner / Name": {
    "message": "원하지 않는 배너 숨기기",
    "description": "[HideUnwantedBanner] Tweak Name"
  },
  "UiAdjustments@ImprovedDutyFinderSettings / Description": {
    "message": "임무 찾기 세팅을 버튼으로 바꿉니다.",
    "description": "[ImprovedDutyFinderSettings] Tweak Description"
  },
  "UiAdjustments@ImprovedDutyFinderSettings / Name": {
    "message": "향상된 임무 찾기 세팅",
    "description": "[ImprovedDutyFinderSettings] Tweak Name"
  },
  "UiAdjustments@ImprovedInterruptableCastbars / Description": {
    "message": "캐스팅 바 옆에 캐스팅을 끊는 아이콘을 표시합니다.",
    "description": "[ImprovedInterruptableCastbars] Tweak Description"
  },
  "UiAdjustments@ImprovedInterruptableCastbars / Name": {
    "message": "향상된 끊기 가능한 캐스팅 바",
    "description": "[ImprovedInterruptableCastbars] Tweak Name"
  },
  "UiAdjustments@ImprovedWorldVisit / Description": {
    "message": "서버 초월 텔레포 메뉴를 정리하고 현재 위치를 리스트에 순서대로 표시합니다.",
    "description": "[ImprovedWorldVisit] Tweak Description"
  },
  "UiAdjustments@ImprovedWorldVisit / Name": {
    "message": "깔끔해진 서버 초월 텔레포 메뉴",
    "description": "[ImprovedWorldVisit] Tweak Name"
  },
  "UiAdjustments@InventoryGil / Description": {
    "message": "소지품 창 우하단에 보유 중인 길을 표시합니다.\n집사가 보유한 길도 집사 소지품 창의 우하단에 표시합니다.",
    "description": "[InventoryGil] Tweak Description"
  },
  "UiAdjustments@InventoryGil / Name": {
    "message": "소지품 창에 보유 길 표시",
    "description": "[InventoryGil] Tweak Name"
  },
  "UiAdjustments@LargeCooldownCounter / Description": {
    "message": "단축바의 쿨타임 카운터의 크기를 키웁니다.",
    "description": "[LargeCooldownCounter] Tweak Description"
  },
  "UiAdjustments@LargeCooldownCounter / Edge Colour": {
    "message": "외곽선 색상",
    "description": "[LargeCooldownCounter] Large Cooldown Counter - Edge Colour"
  },
  "UiAdjustments@LargeCooldownCounter / Font": {
    "message": "폰트",
    "description": "[LargeCooldownCounter] Large Cooldown Counter - Font"
  },
  "UiAdjustments@LargeCooldownCounter / Font Size Adjust": {
    "message": "폰트 사이즈 조정",
    "description": "[LargeCooldownCounter] Large Cooldown Counter - Font Size Adjust"
  },
  "UiAdjustments@LargeCooldownCounter / Name": {
    "message": "큰 쿨타임 카운터",
    "description": "[LargeCooldownCounter] Tweak Name"
  },
  "UiAdjustments@LargeCooldownCounter / Out Of Range Colour": {
    "message": "사거리 밖일 때 색상",
    "description": "[LargeCooldownCounter] Large Cooldown Counter - Out Of Range Colour"
  },
  "UiAdjustments@LargeCooldownCounter / Out Of Range Edge Colour": {
    "message": "사거리 밖일 때 외곽선 색상",
    "description": "[LargeCooldownCounter] Large Cooldown Counter - Out Of Range Edge Colour"
  },
  "UiAdjustments@LargeCooldownCounter / Simple Mode": {
    "message": "심플 모드",
    "description": "[LargeCooldownCounter] Large Cooldown Counter - Simple Mode"
  },
  "UiAdjustments@LargeCooldownCounter / SimpleModeDescription": {
    "message": "쿨타임 체크를 옛날 방식으로 되돌립니다.\nXIVCombo와의 문제를 수정합니다.\n범위 밖일 때 일부 문제가 있습니다.\n심플 모드일 때는 텍스트의 색상을 바꿀 수 없습니다.",
    "description": "[LargeCooldownCounter] Large Cooldown Counter - Reverts to old cooldown checking.\nFixes issues with XIVCombo.\nHas some issues when out of range.\nCannot change colour of text with Simple Mode enabled."
  },
  "UiAdjustments@LargeCooldownCounter / Text Colour": {
    "message": "텍스트 색상",
    "description": "[LargeCooldownCounter] Large Cooldown Counter - Text Colour"
  },
  "UiAdjustments@LimitBreakAdjustments / Description": {
    "message": "리미트 브레이크 바에 대한 간단한 커스터마이즈",
    "description": "[LimitBreakAdjustments] Tweak Description"
  },
  "UiAdjustments@LimitBreakAdjustments / Name": {
    "message": "리미트 브레이크 바 조정",
    "description": "[LimitBreakAdjustments] Tweak Name"
  },
  "UiAdjustments@LimitTargetStatusEffects / Description": {
    "message": "타겟에 표시되는 상태 효과의 개수를 제한합니다.",
    "description": "[LimitTargetStatusEffects] Tweak Description"
  },
  "UiAdjustments@LimitTargetStatusEffects / LimitOnlyInCombat": {
    "message": "전투 중에만 효과 활성화##LimitOnlyInCombat",
    "description": "[LimitTargetStatusEffects] Limit Target Status Effects - Only limit in combat##LimitOnlyInCombat"
  },
  "UiAdjustments@LimitTargetStatusEffects / Name": {
    "message": "타겟의 상태 효과 표시수를 제한",
    "description": "[LimitTargetStatusEffects] Tweak Name"
  },
  "UiAdjustments@LimitTargetStatusEffects / NbStatusEffects": {
    "message": "표시될 상태 효과 개수##nbStatusEffectsDisplayed",
    "description": "[LimitTargetStatusEffects] Limit Target Status Effects - Number of status effects displayed##nbStatusEffectsDisplayed"
  },
  "UiAdjustments@LockWindowPosition / Description": {
    "message": "거의 대부분의 UI 창의 위치를 고정할 수 있습니다.",
    "description": "[LockWindowPosition] Tweak Description"
  },
  "UiAdjustments@LockWindowPosition / HelpMessage": {
    "message": "창의 컨텍스트 메뉴에서 고정할지 말지 결정할 수 있습니다. (창 상단 우클릭).",
    "description": "[LockWindowPosition] Lock Window Positions - You can lock or unlock windows from their context menu (right click the window)."
  },
  "UiAdjustments@LockWindowPosition / Lock Window Position": {
    "message": "위치 고정",
    "description": "[LockWindowPosition] Lock Window Positions - Lock Window Position"
  },
  "UiAdjustments@LockWindowPosition / Name": {
    "message": "위치 고정",
    "description": "[LockWindowPosition] Tweak Name"
  },
  "UiAdjustments@LockWindowPosition / Unlock": {
    "message": "해제",
    "description": "[LockWindowPosition] Lock Window Positions - Unlock"
  },
  "UiAdjustments@LockWindowPosition / Unlock Window Position": {
    "message": "위치 고정 해제",
    "description": "[LockWindowPosition] Lock Window Positions - Unlock Window Position"
  },
  "UiAdjustments@LootWindowDuplicateUniqueItemIndicator / Description": {
    "message": "입찰 창에서 얻을 수 없거나 이미 등록한 아이템을 표시합니다.",
    "description": "[LootWindowDuplicateUniqueItemIndicator] Tweak Description"
  },
  "UiAdjustments@LootWindowDuplicateUniqueItemIndicator / Name": {
    "message": "개선된 입찰 창",
    "description": "[LootWindowDuplicateUniqueItemIndicator] Tweak Name"
  },
  "UiAdjustments@MarketEnhancements / Description": {
    "message": "장터 UI를 개선하여 표시 가격에 세금을 포함하거나 상인에 파는 가격보다 높은 매물을 하이라이트 표시합니다.",
    "description": "[MarketEnhancements] Tweak Description"
  },
  "UiAdjustments@MarketEnhancements / Highlight items that can be purchased from an NPC for cheaper. (Red)": {
    "message": "NPC에서 더 싸게 구입할 수 있는 아이템을 하이라이트 합니다. (빨강)",
    "description": "[MarketEnhancements] [Config] Highlight items that can be purchased from an NPC for cheaper. (Red)"
  },
  "UiAdjustments@MarketEnhancements / Highlight items that can be sold to NPC for more. (Green)": {
    "message": "NPC에게 더 비싸게 매각할 수 있는 아이템을 하이라이트 합니다. (초록)",
    "description": "[MarketEnhancements] [Config] Highlight items that can be sold to NPC for more. (Green)"
  },
  "UiAdjustments@MarketEnhancements / Include tax in single price.": {
    "message": "단위 가격에 세금을 포함합니다.",
    "description": "[MarketEnhancements] [Config] Include tax in single price."
  },
  "UiAdjustments@MarketEnhancements / Include tax in total price.": {
    "message": "합계 가격에 세금을 포함합니다.",
    "description": "[MarketEnhancements] [Config] Include tax in total price."
  },
  "UiAdjustments@MarketEnhancements / Name": {
    "message": "장터 기능 개선",
    "description": "[MarketEnhancements] Tweak Name"
  },
  "UiAdjustments@MinimapAdjustments / Description": {
    "message": "미니맵에 표시되는 요소를 숨길 수 있습니다.",
    "description": "[MinimapAdjustments] Tweak Description"
  },
  "UiAdjustments@MinimapAdjustments / Name": {
    "message": "미니맵 조정",
    "description": "[MinimapAdjustments] Tweak Name"
  },
  "UiAdjustments@NamePlateIconSpacing / Description": {
    "message": "상태 아이콘과 네임 플레이트에 있는 캐릭터 이름 간의 거리를 늘립니다.",
    "description": "[NamePlateIconSpacing] Tweak Description"
  },
  "UiAdjustments@NamePlateIconSpacing / Name": {
    "message": "네임 플레이트 아이콘 간격 조정",
    "description": "[NamePlateIconSpacing] Tweak Name"
  },
  "UiAdjustments@NotificationToastAdjustments / Description": {
    "message": "여러 상황에서 화면 중간에 표시되는 알림들의 위치를 조정하거나 숨길 수 있습니다.",
    "description": "[NotificationToastAdjustments] Tweak Description"
  },
  "UiAdjustments@NotificationToastAdjustments / Name": {
    "message": "팝업 알림 조정",
    "description": "[NotificationToastAdjustments] Tweak Name"
  },
  "UiAdjustments@OldNameplatesTweak / Description": {
    "message": "네임 플레이트의 변경 사항을 원래대로 되돌립니다.",
    "description": "[OldNameplatesTweak] Tweak Description"
  },
  "UiAdjustments@OldNameplatesTweak / Name": {
    "message": "옛날 네임 플레이트 트윅",
    "description": "[OldNameplatesTweak] Tweak Name"
  },
  "UiAdjustments@ParameterBarAdjustments / AutoHideMp": {
    "message": "MP를 사용하지 않는 직업의 MP바 숨김",
    "description": "[ParameterBarAdjustments] Parameter Bar Adjustments - Hide MP Bar on jobs that don't use MP"
  },
  "UiAdjustments@ParameterBarAdjustments / CP Bar Color": {
    "message": "CP바 색상",
    "description": "[ParameterBarAdjustments] Parameter Bar Adjustments - CP Bar Color"
  },
  "UiAdjustments@ParameterBarAdjustments / Description": {
    "message": "캐릭터 능력치 바의 특정 부분을 숨기거나 위치를 이동할 수 있습니다. (HP/ MP 및 기타 직업 파라미터).",
    "description": "[ParameterBarAdjustments] Tweak Description"
  },
  "UiAdjustments@ParameterBarAdjustments / GP Bar Color": {
    "message": "GP바 색상",
    "description": "[ParameterBarAdjustments] Parameter Bar Adjustments - GP Bar Color"
  },
  "UiAdjustments@ParameterBarAdjustments / Hide 'HP' Text": {
    "message": "'HP' 텍스트 숨기기",
    "description": "[ParameterBarAdjustments] Parameter Bar Adjustments - Hide 'HP' Text"
  },
  "UiAdjustments@ParameterBarAdjustments / Hide 'MP' Text": {
    "message": "'MP' 텍스트 숨기기",
    "description": "[ParameterBarAdjustments] Parameter Bar Adjustments - Hide 'MP' Text"
  },
  "UiAdjustments@ParameterBarAdjustments / Hide HP Bar": {
    "message": "HP바 숨기기",
    "description": "[ParameterBarAdjustments] Parameter Bar Adjustments - Hide HP Bar"
  },
  "UiAdjustments@ParameterBarAdjustments / Hide HP Value": {
    "message": "HP 값 숨기기",
    "description": "[ParameterBarAdjustments] Parameter Bar Adjustments - Hide HP Value"
  },
  "UiAdjustments@ParameterBarAdjustments / Hide MP Bar": {
    "message": "MP 바 숨기기",
    "description": "[ParameterBarAdjustments] Parameter Bar Adjustments - Hide MP Bar"
  },
  "UiAdjustments@ParameterBarAdjustments / Hide MP Value": {
    "message": "MP 값 숨기기",
    "description": "[ParameterBarAdjustments] Parameter Bar Adjustments - Hide MP Value"
  },
  "UiAdjustments@ParameterBarAdjustments / Hide Target Cycling": {
    "message": "대상 필터 부분 숨기기",
    "description": "[ParameterBarAdjustments] Parameter Bar Adjustments - Hide Target Cycling"
  },
  "UiAdjustments@ParameterBarAdjustments / HP Bar Color": {
    "message": "HP바 색상",
    "description": "[ParameterBarAdjustments] Parameter Bar Adjustments - HP Bar Color"
  },
  "UiAdjustments@ParameterBarAdjustments / MP Bar Color": {
    "message": "MP바 색상",
    "description": "[ParameterBarAdjustments] Parameter Bar Adjustments - MP Bar Color"
  },
  "UiAdjustments@ParameterBarAdjustments / Name": {
    "message": "HP/MP 및 기타 바 조정",
    "description": "[ParameterBarAdjustments] Tweak Name"
  },
  "UiAdjustments@PartyListStatusTimers / Description": {
    "message": "파티 리스트의 상태 효과에 타이머를 표시합니다.",
    "description": "[PartyListStatusTimers] Tweak Description"
  },
  "UiAdjustments@PartyListStatusTimers / Name": {
    "message": "파티 리스트 상태 타이머",
    "description": "[PartyListStatusTimers] Tweak Name"
  },
  "UiAdjustments@RecolorOwnStatusTimers / Description": {
    "message": "상태 효과 타이머의 색상을 변경할 수 있습니다.",
    "description": "[RecolorOwnStatusTimers] Tweak Description"
  },
  "UiAdjustments@RecolorOwnStatusTimers / Name": {
    "message": "상태 효과 타이머 색상 변경",
    "description": "[RecolorOwnStatusTimers] Tweak Name"
  },
  "UiAdjustments@ReducedDeepDungeonInfo / Description": {
    "message": "딥 던전 캐릭터 정보창에서 중복된 정보를 삭제합니다.",
    "description": "[ReducedDeepDungeonInfo] Tweak Description"
  },
  "UiAdjustments@ReducedDeepDungeonInfo / Name": {
    "message": "줄어든 딥 던전 정보",
    "description": "[ReducedDeepDungeonInfo] Tweak Name"
  },
  "UiAdjustments@RememberTitleSorting / Description": {
    "message": "칭호 리스트에서 선택한 정렬 순서를 기억합니다.",
    "description": "[RememberTitleSorting] Tweak Description"
  },
  "UiAdjustments@RememberTitleSorting / Name": {
    "message": "칭호 정렬 순서 기억",
    "description": "[RememberTitleSorting] Tweak Name"
  },
  "UiAdjustments@RemoveCommunityFinder / Description": {
    "message": "플레이어 간 교류 창에서 커뮤니티 파인더 버튼을 숨깁니다.",
    "description": "[RemoveCommunityFinder] Tweak Description"
  },
  "UiAdjustments@RemoveCommunityFinder / Name": {
    "message": "커뮤니티 파인더 제거",
    "description": "[RemoveCommunityFinder] Tweak Name"
  },
  "UiAdjustments@RemoveQuestMarkerLimit / Description": {
    "message": "맵과 미니맵에 5개 이상의 퀘스트 마커를 표시할 수 있게 합니다.",
    "description": "[RemoveQuestMarkerLimit] Tweak Description"
  },
  "UiAdjustments@RemoveQuestMarkerLimit / Name": {
    "message": "퀘스트 마커 상한 해제",
    "description": "[RemoveQuestMarkerLimit] Tweak Name"
  },
  "UiAdjustments@ResizeExperienceBar / Description": {
    "message": "텍스트 크기에 상관없이 경험치 바의 가로 스케일을 변경합니다.",
    "description": "[ResizeExperienceBar] Tweak Description"
  },
  "UiAdjustments@ResizeExperienceBar / Name": {
    "message": "경험치 바 사이즈 변경",
    "description": "[ResizeExperienceBar] Tweak Name"
  },
  "UiAdjustments@SellMaxTripleTriadCards / Description": {
    "message": "트리플 트라이어드 카드를 매각할 때의 개수를 자신이 들고있는 매수로 설정합니다.",
    "description": "[SellMaxTripleTriadCards] Tweak Description"
  },
  "UiAdjustments@SellMaxTripleTriadCards / Name": {
    "message": "트리플 트라이어드 카드 기본 매각 매수 최대로",
    "description": "[SellMaxTripleTriadCards] Tweak Name"
  },
  "UiAdjustments@ShiftTargetCastBarText / Description": {
    "message": "대상의 캐스팅 바에 있는 텍스트를 위로 옮겨서 가독성을 높입니다.",
    "description": "[ShiftTargetCastBarText] Tweak Description"
  },
  "UiAdjustments@ShiftTargetCastBarText / Name": {
    "message": "대상 캐스팅 바 텍스트 위치 조정",
    "description": "[ShiftTargetCastBarText] Tweak Name"
  },
  "UiAdjustments@ShowShieldOnHPBar / Description": {
    "message": "HP바에 현재 부여된 배리어 양을 표시합니다.",
    "description": "[ShowShieldOnHPBar] Tweak Description"
  },
  "UiAdjustments@ShowShieldOnHPBar / Name": {
    "message": "HP바에 배리어 표시",
    "description": "[ShowShieldOnHPBar] Tweak Name"
  },
  "UiAdjustments@SmartNameplates / Description": {
    "message": "특정 조건 하에서 전투 중에 다른 플레이어의 닉네임을 숨깁니다.",
    "description": "[SmartNameplates] Tweak Description"
  },
  "UiAdjustments@SmartNameplates / Ignore Alliance Members": {
    "message": "연합 파티원 무시",
    "description": "[SmartNameplates] Smart Nameplates - Ignore Alliance Members"
  },
  "UiAdjustments@SmartNameplates / Ignore Dead Players": {
    "message": "전투불능 플레이어 무시",
    "description": "[SmartNameplates] Smart Nameplates - Ignore Dead Players"
  },
  "UiAdjustments@SmartNameplates / Ignore Friends": {
    "message": "친구 무시",
    "description": "[SmartNameplates] Smart Nameplates - Ignore Friends"
  },
  "UiAdjustments@SmartNameplates / Ignore Party Members": {
    "message": "파티원 무시",
    "description": "[SmartNameplates] Smart Nameplates - Ignore Party Members"
  },
  "UiAdjustments@SmartNameplates / Ignore Targeted Players": {
    "message": "타겟 지정한 플레이어 무시",
    "description": "[SmartNameplates] Smart Nameplates - Ignore Targeted Players"
  },
  "UiAdjustments@SmartNameplates / IgnorePlayersNote": {
    "message": "아래 옵션으로 특정 플레이어에 대한 기능을 무시합니다.",
    "description": "[SmartNameplates] Smart Nameplates - The following options will disable the tweak for certain players."
  },
  "UiAdjustments@SmartNameplates / Name": {
    "message": "상세한 닉네임 표시",
    "description": "[SmartNameplates] Tweak Name"
  },
  "UiAdjustments@SmartNameplates / Show HP": {
    "message": "HP 보기",
    "description": "[SmartNameplates] Smart Nameplates - Show HP"
  },
  "UiAdjustments@StopCraftingButton / Description": {
    "message": "제작 수첩의 제작 버튼을 수정하여 직업을 바꾸거나 제작하다 일어났을 떄, 제작 수첩을 닫지 않고도 제작을 중단할 수 있게 합니다.",
    "description": "[StopCraftingButton] Tweak Description"
  },
  "UiAdjustments@StopCraftingButton / Name": {
    "message": "향상된 제작 수첩",
    "description": "[StopCraftingButton] Tweak Name"
  },
  "UiAdjustments@SubmarineDestinationLetters / Description": {
    "message": "다른 도구와 사용하기 함께 사용하기 용이하도록 표준 A-Z 문자를 이용해 잠수함의 목적지를 식별할 수 있게 합니다.",
    "description": "[SubmarineDestinationLetters] Tweak Description"
  },
  "UiAdjustments@SubmarineDestinationLetters / Name": {
    "message": "잠수함 목적지를 문자로 라벨링",
    "description": "[SubmarineDestinationLetters] Tweak Name"
  },
  "UiAdjustments@TargetCastbarCountdown / Description": {
    "message": "대상의 캐스팅의 남은 시간을 표시합니다.",
    "description": "[TargetCastbarCountdown] Tweak Description"
  },
  "UiAdjustments@TargetCastbarCountdown / Name": {
    "message": "대상 캐스팅 바 카운트다운",
    "description": "[TargetCastbarCountdown] Tweak Name"
  },
  "UiAdjustments@TargetHP / Description": {
    "message": "타겟 지정한 대상의 HP를 정확하게 (혹은 대략적으로) 표시합니다.",
    "description": "[TargetHP] Tweak Description"
  },
  "UiAdjustments@TargetHP / Name": {
    "message": "타겟 HP 표시",
    "description": "[TargetHP] Tweak Name"
  },
  "UiAdjustments@TimerOnDutyWaiting / Description": {
    "message": "준비 확인이 실행되면 45초 카운트다운을 표시합니다.",
    "description": "[TimerOnDutyWaiting] Tweak Description"
  },
  "UiAdjustments@TimerOnDutyWaiting / Name": {
    "message": "컨텐츠 돌입 대기 시간 타이머",
    "description": "[TimerOnDutyWaiting] Tweak Name"
  },
  "UiAdjustments@TimeUntilGpMax / Description": {
    "message": "최대 GP까지 자연회복 되는 시간을 표시합니다.",
    "description": "[TimeUntilGpMax] Tweak Description"
  },
  "UiAdjustments@TimeUntilGpMax / Name": {
    "message": "GP 회복 타이머",
    "description": "[TimeUntilGpMax] Tweak Name"
  },
  "Unhide Tweak": {
    "message": "트윅 숨김 해제",
    "description": "Unhide Tweak - Unhide Tweak"
  }
}