{
  "AutoLockHotbar / Description": {
    "message": "Trava automaticamente barras de ação quando certas condições são atendidas.",
    "description": "[AutoLockHotbar] Tweak Description"
  },
  "AutoLockHotbar / Name": {
    "message": "Bloquear automaticamente as barras de ação",
    "description": "[AutoLockHotbar] Tweak Name"
  },
  "AutoOpenCommendWindow / Description": {
    "message": "Abra a janela de recomendações após a conclusão de uma duty.",
    "description": "[AutoOpenCommendWindow] Tweak Description"
  },
  "AutoOpenCommendWindow / Name": {
    "message": "Abrir janela de recomendações automaticamente",
    "description": "[AutoOpenCommendWindow] Tweak Name"
  },
  "AutoOpenLootWindow / Description": {
    "message": "Abra a janela de pilhagem quando novos itens forem adicionados para serem rolados.",
    "description": "[AutoOpenLootWindow] Tweak Description"
  },
  "AutoOpenLootWindow / Name": {
    "message": "Abre a janela de saque quando os itens são adicionados.",
    "description": "[AutoOpenLootWindow] Tweak Name"
  },
  "CharacterClassSwitcher / Description": {
    "message": "Permitir que você clique nas classes para mudar para equipamentos. [Nota: não funciona em classes de crafting]",
    "description": "[CharacterClassSwitcher] Tweak Description"
  },
  "CharacterClassSwitcher / Name": {
    "message": "Trocador de Jobs na Janela de Personage",
    "description": "[CharacterClassSwitcher] Tweak Name"
  },
  "CharaViewIncreasedZoom / Description": {
    "message": "Permite zoom quase infinito nas janelas de preview de personagens, como na do Provador ou na de Examinar.",
    "description": "[CharaViewIncreasedZoom] Tweak Description"
  },
  "CharaViewIncreasedZoom / Name": {
    "message": "Maior zoom em pré-visualizações de personagem.",
    "description": "[CharaViewIncreasedZoom] Tweak Name"
  },
  "ChatTweaks / Name": {
    "message": "Ajustes de Chat",
    "description": "[ChatTweaks] Tweak Name"
  },
  "ChatTweaks@ChatNameColours / Description": {
    "message": "Dá aos jogadores uma cor aleatória no chat ou define o nome manualmente.",
    "description": "[ChatNameColours] Tweak Description"
  },
  "ChatTweaks@ChatNameColours / Name": {
    "message": "Cores do Nome do Chat",
    "description": "[ChatNameColours] Tweak Name"
  },
  "ChatTweaks@ChatNameColours / NameAlreadyAddedError": {
    "message": "Este nome já está na lista.",
    "description": "[ChatNameColours] Chat Name Colours - Name is already in list."
  },
  "ChatTweaks@ChatNameColours / Player Name": {
    "message": "Nome do Jogador",
    "description": "[ChatNameColours] Chat Name Colours - Player Name"
  },
  "ChatTweaks@ChatNameColours / RandomColours": {
    "message": "Use cores aleatórias para jogadores não listados",
    "description": "[ChatNameColours] Chat Name Colours - Use random colours for unlisted players"
  },
  "ChatTweaks@ChatNameColours / Server": {
    "message": "Servidor",
    "description": "[ChatNameColours] Chat Name Colours - Server"
  },
  "ChatTweaks@ClickableLinks / Description": {
    "message": "Analisa links postados no chat e permite que sejam clicados.",
    "description": "[ClickableLinks] Tweak Description"
  },
  "ChatTweaks@ClickableLinks / Name": {
    "message": "Links clicáveis no Chat",
    "description": "[ClickableLinks] Tweak Name"
  },
  "ChatTweaks@DisableChatAutoscroll / AllowAutoscrollLabel": {
    "message": "Sempre permitir a auto-rolagem em:",
    "description": "[DisableChatAutoscroll] Smart AutoScroll - Always allow autoscrolling in:"
  },
  "ChatTweaks@DisableChatAutoscroll / Description": {
    "message": "Tenta evitar a auto-rolagem quando receber novas mensagens de chat enquanto rolando o chat manualmente para cima.",
    "description": "[DisableChatAutoscroll] Tweak Description"
  },
  "ChatTweaks@DisableChatAutoscroll / Name": {
    "message": "Auto-rolagem inteligente",
    "description": "[DisableChatAutoscroll] Tweak Name"
  },
  "ChatTweaks@DisableChatAutoscroll / TabLabel": {
    "message": "Aba {0}",
    "description": "[DisableChatAutoscroll] Smart AutoScroll - Tab {0}"
  },
  "ChatTweaks@DisableChatMovement / Description": {
    "message": "Impede o movimento da janela do chat.",
    "description": "[DisableChatMovement] Tweak Description"
  },
  "ChatTweaks@DisableChatMovement / Name": {
    "message": "Desabilitar Movimento do Chat",
    "description": "[DisableChatMovement] Tweak Name"
  },
  "ChatTweaks@DisableChatResize / Description": {
    "message": "Impede o redimensionamento da janela do chat.",
    "description": "[DisableChatResize] Tweak Description"
  },
  "ChatTweaks@DisableChatResize / Name": {
    "message": "Desativar Redimensionamento do Chat",
    "description": "[DisableChatResize] Tweak Name"
  },
  "ChatTweaks@RenameChatTabs / Description": {
    "message": "Permite renomear as abas General e Battle na janela de chat.",
    "description": "[RenameChatTabs] Tweak Description"
  },
  "ChatTweaks@RenameChatTabs / Name": {
    "message": "Renomear Abas de Chat",
    "description": "[RenameChatTabs] Tweak Name"
  },
  "ChatTweaks@RenameChatTabs / TabLabel": {
    "message": "Aba {0}",
    "description": "[RenameChatTabs] Rename Chat Tabs - Tab {0}"
  },
  "ChatTweaks@ReplyChannelSwitch / Description": {
    "message": "Permite digitar /r para definir um canal de bate-papo ativo para enviar Tells.",
    "description": "[ReplyChannelSwitch] Tweak Description"
  },
  "ChatTweaks@ReplyChannelSwitch / Name": {
    "message": "Mudar Canal Resposta",
    "description": "[ReplyChannelSwitch] Tweak Name"
  },
  "ChrDirCommand / Description": {
    "message": "Adiciona um comando para abrir a pasta onde os dados locais de personagem são armazenados.",
    "description": "[ChrDirCommand] Tweak Description"
  },
  "ChrDirCommand / Name": {
    "message": "Comando para Pasta do Personagem",
    "description": "[ChrDirCommand] Tweak Name"
  },
  "CommandAlias / Description": {
    "message": "Permite substituir comandos digitados na caixa de chat por outros comandos.",
    "description": "[CommandAlias] Tweak Description"
  },
  "CommandAlias / EmptyInputError": {
    "message": "O campo não pode estar vazio.",
    "description": "[CommandAlias] Command Alias - Input must not be empty."
  },
  "CommandAlias / EmptyOutputError": {
    "message": "O campo saída não pode estar vazio.",
    "description": "[CommandAlias] Command Alias - Output must not be empty."
  },
  "CommandAlias / Enabled": {
    "message": "Ativado",
    "description": "[CommandAlias] Command Alias - Enabled"
  },
  "CommandAlias / Input Command": {
    "message": "Inserir comando",
    "description": "[CommandAlias] Command Alias - Input Command"
  },
  "CommandAlias / Instruction": {
    "message": "Adicionar lista de alias de comando. Não inicie o comando com o '/'\nEstes alias, por design, não funcionam com macros.",
    "description": "[CommandAlias] Command Alias - Add list of command alias. Do not start command with the '/'\nThese aliases, by design, do not work with macros."
  },
  "CommandAlias / MacroHelp": {
    "message": "Aliases não são suportados em macros para impedi-los de serem enviados ao servidor no caso de backup no servidor.\nPor favor, use o comando original em suas macros.",
    "description": "[CommandAlias] Macro Help Tooltip"
  },
  "CommandAlias / Name": {
    "message": "Alias de Comando",
    "description": "[CommandAlias] Tweak Name"
  },
  "CommandAlias / New Label": {
    "message": "Novo:",
    "description": "[CommandAlias] Command Alias - New:"
  },
  "CommandAlias / Output Command": {
    "message": "Comando de Saída",
    "description": "[CommandAlias] Command Alias - Output Command"
  },
  "CommandAlias / ProtectedCommandError": {
    "message": "'/{0}' é um comando protegido.",
    "description": "[CommandAlias] Command Alias - '/{0}' is a protected command."
  },
  "DataCentreOnTitleScreen / Description": {
    "message": "Mostra o Datacenter atual na Tela de Título",
    "description": "[DataCentreOnTitleScreen] Tweak Description"
  },
  "DataCentreOnTitleScreen / Name": {
    "message": "Datacenter na Tela de Título",
    "description": "[DataCentreOnTitleScreen] Tweak Name"
  },
  "DisableClickTargeting / AddButton": {
    "message": "Adicionar",
    "description": "[DisableClickTargeting] Disable Click Targeting - Add"
  },
  "DisableClickTargeting / CombatHeader": {
    "message": "Apenas em Combate",
    "description": "[DisableClickTargeting] Disable Click Targeting - Only in\nCombat"
  },
  "DisableClickTargeting / DefaultNameText": {
    "message": "Padrão (Nomes Não Correspondentes)",
    "description": "[DisableClickTargeting] Disable Click Targeting - Default (Unmatched Names)"
  },
  "DisableClickTargeting / Description": {
    "message": "Permite desativar a função selecionar alvo atrelada aos cliques esquerdo e direito do mouse.",
    "description": "[DisableClickTargeting] Tweak Description"
  },
  "DisableClickTargeting / EverythingDisabled": {
    "message": "Não está fazendo nada se tudo estiver desativado...",
    "description": "[DisableClickTargeting] Disable Click Targeting - It is doing nothing if everything is disabled..."
  },
  "DisableClickTargeting / LeftHeader": {
    "message": "Desativar\nEsquerda",
    "description": "[DisableClickTargeting] Disable Click Targeting - Disable\nLeft"
  },
  "DisableClickTargeting / Name": {
    "message": "Desativar Seleção de Alvo por Clique",
    "description": "[DisableClickTargeting] Tweak Name"
  },
  "DisableClickTargeting / NameFiltering": {
    "message": "Habilitar Filtro de Nome",
    "description": "[DisableClickTargeting] Disable Click Targeting - Enable Name Filtering"
  },
  "DisableClickTargeting / NameFiltersHelp": {
    "message": "Opções por ator para ",
    "description": "[DisableClickTargeting] Disable Click Targeting - Per actor options for "
  },
  "DisableClickTargeting / NameFiltersLabel": {
    "message": "Filtros de Nome:",
    "description": "[DisableClickTargeting] Disable Click Targeting - Name Filters:"
  },
  "DisableClickTargeting / NameHeader": {
    "message": "\nNome",
    "description": "[DisableClickTargeting] Disable Click Targeting - \nName"
  },
  "DisableClickTargeting / NamePlaceholder": {
    "message": "Nome",
    "description": "[DisableClickTargeting] Disable Click Targeting - Name"
  },
  "DisableClickTargeting / RemoveTooltip": {
    "message": "Remover {0}",
    "description": "[DisableClickTargeting] Disable Click Targeting - Remove {0}"
  },
  "DisableClickTargeting / RightHeader": {
    "message": "Desativar\nDireita",
    "description": "[DisableClickTargeting] Disable Click Targeting - Disable\nRight"
  },
  "DisableClickTargeting / SimpleCombatOnly": {
    "message": "Desativar apenas em combate",
    "description": "[DisableClickTargeting] Disable Click Targeting - Only disable in combat"
  },
  "DisableClickTargeting / SimpleDisableLeftClick": {
    "message": "Desativar Seleção de Alvo com Clique Esquerdo",
    "description": "[DisableClickTargeting] Disable Click Targeting - Disable Left Click Targeting"
  },
  "DisableClickTargeting / SimpleDisableRightClick": {
    "message": "Desativar Seleção de Alvo com Clique Direito",
    "description": "[DisableClickTargeting] Disable Click Targeting - Disable Right Click Targeting"
  },
  "DisableMountVolumeChange / Description": {
    "message": "Impede música das montarias de ficar com volume baixo quando não estiver em movimento.",
    "description": "[DisableMountVolumeChange] Tweak Description"
  },
  "DisableMountVolumeChange / Name": {
    "message": "Desativar mudança de volume de música de montarias",
    "description": "[DisableMountVolumeChange] Tweak Name"
  },
  "DisableTitleScreenMovie / Description": {
    "message": "Impede que a tela de título toque o filme de introdução após 60 segundos.",
    "description": "[DisableTitleScreenMovie] Tweak Description"
  },
  "DisableTitleScreenMovie / Name": {
    "message": "Desativar Filme de Tela de Título",
    "description": "[DisableTitleScreenMovie] Tweak Name"
  },
  "FixedShadowDistance / Description": {
    "message": "Define um valor fixo para a renderização de sombras, impedindo-o de mudar quando voando.",
    "description": "[FixedShadowDistance] Tweak Description"
  },
  "FixedShadowDistance / Name": {
    "message": "Distância Fixa para Sombras",
    "description": "[FixedShadowDistance] Tweak Name"
  },
  "FixedShadowDistance / Shadow Distance": {
    "message": "Distância da sombra",
    "description": "[FixedShadowDistance] Fixed Shadow Distance - Shadow Distance"
  },
  "FixTarget / Description": {
    "message": "Permite o uso do comando '/target' padrão para selecionar jogadores ou NPCs pelos seus nomes.",
    "description": "[FixTarget] Tweak Description"
  },
  "FixTarget / Name": {
    "message": "Consertar o comando '/target'",
    "description": "[FixTarget] Tweak Name"
  },
  "General Options / Formatting Culture": {
    "message": "Formatos Locais",
    "description": "General Options / Formatting Culture - Formatting Culture"
  },
  "General Options / Hide KoFi": {
    "message": "Ocultar link Ko-fi.",
    "description": "General Options / Hide KoFi - Hide Ko-fi link."
  },
  "General Options / Language": {
    "message": "Idioma",
    "description": "General Options / Language - Language"
  },
  "General Options / Show Experimental Tweaks": {
    "message": "Mostrar Tweaks Experimentais.",
    "description": "General Options / Show Experimental Tweaks - Show Experimental Tweaks."
  },
  "General Options / Show Tweak Descriptions": {
    "message": "Mostrar descrições de ajustes.",
    "description": "General Options / Show Tweak Descriptions - Show tweak descriptions."
  },
  "General Options / Show Tweak IDs": {
    "message": "Exibir IDs de ajustes.",
    "description": "General Options / Show Tweak IDs - Show tweak IDs."
  },
  "General Options / TabHeader": {
    "message": "Opções Gerais",
    "description": "General Options / TabHeader - General Options"
  },
  "General Tweaks": {
    "message": "Ajustes Gerais",
    "description": "General Tweaks Tab Header"
  },
  "Hide Tweak": {
    "message": "Esconder Ajuste",
    "description": "Hide Tweak - Hide Tweak"
  },
  "HideMouseAfterInactivity / Description": {
    "message": "Oculta o cursor do mouse após um período de inatividade como nos reprodutores de vídeo.",
    "description": "[HideMouseAfterInactivity] Tweak Description"
  },
  "HideMouseAfterInactivity / Name": {
    "message": "Ocultar cursor do mouse após inatividade",
    "description": "[HideMouseAfterInactivity] Tweak Name"
  },
  "LegacyCameraLock / Description": {
    "message": "Impede a rotação da câmera quando usando o tipo de movimento legado.",
    "description": "[LegacyCameraLock] Tweak Description"
  },
  "LegacyCameraLock / Name": {
    "message": "Bloqueio de Câmera Legada",
    "description": "[LegacyCameraLock] Tweak Name"
  },
  "LongVeil / Description": {
    "message": "Substitui os véus de casamento por suas variantes longas que geralmente só são mostradas na igreja (Sanctum of the Twelve).",
    "description": "[LongVeil] Tweak Description"
  },
  "LongVeil / Name": {
    "message": "Véu Longo",
    "description": "[LongVeil] Tweak Name"
  },
  "MainCommandCommand / Description": {
    "message": "Adiciona o comando '/maincommand [name]' para permitir o uso de qualquer Comando Principal do chat ou macro.",
    "description": "[MainCommandCommand] Tweak Description"
  },
  "MainCommandCommand / Name": {
    "message": "Comando para Comandos Principais",
    "description": "[MainCommandCommand] Tweak Name"
  },
  "MoreGearSets / Description": {
    "message": "Aumenta o limite máximo de gear sets para 100.",
    "description": "[MoreGearSets] Tweak Description"
  },
  "MoreGearSets / Name": {
    "message": "Mais Gear Sets",
    "description": "[MoreGearSets] Tweak Name"
  },
  "PidCommand / Description": {
    "message": "Adiciona o comando '/pid' para mostrar a Id do processo atual.",
    "description": "[PidCommand] Tweak Description"
  },
  "PidCommand / Name": {
    "message": "Comando para mostrar a id do processo",
    "description": "[PidCommand] Tweak Name"
  },
  "RememberQuickGathering / Description": {
    "message": "Lembra de estado de coleta rápida mesmo após coleta em nodes unspoiled.",
    "description": "[RememberQuickGathering] Tweak Description"
  },
  "RememberQuickGathering / Name": {
    "message": "Lembrar Coleta Rápida",
    "description": "[RememberQuickGathering] Tweak Name"
  },
  "SetOptionCommand / alias": {
    "message": "alias",
    "description": "[SetOptionCommand] Set Option Command - alias"
  },
  "SetOptionCommand / Available Options": {
    "message": "Opções Disponíveis",
    "description": "[SetOptionCommand] Set Option Command - Available Options"
  },
  "SetOptionCommand / Description": {
    "message": "Adiciona comandos para alterar várias configurações.",
    "description": "[SetOptionCommand] Tweak Description"
  },
  "SetOptionCommand / Name": {
    "message": "Configurar Comando que abre as Opções",
    "description": "[SetOptionCommand] Tweak Name"
  },
  "SetOptionCommand / option": {
    "message": "opção",
    "description": "[SetOptionCommand] Set Option Command - option"
  },
  "SetOptionCommand / values": {
    "message": "valor",
    "description": "[SetOptionCommand] Set Option Command - values"
  },
  "SmartStrafe / Description": {
    "message": "Mudança inteligente dos controles de teclado entre strafing e mudando de direção.\n(Apenas movimento do tipo legacy)",
    "description": "[SmartStrafe] Tweak Description"
  },
  "SmartStrafe / Name": {
    "message": "Strafe Inteligente",
    "description": "[SmartStrafe] Tweak Name"
  },
  "SyncCrafterBars / Description": {
    "message": "Mantém as barras de trabalho do DoH sincronizadas",
    "description": "[SyncCrafterBars] Tweak Description"
  },
  "SyncCrafterBars / Name": {
    "message": "Sincronizar Barras de Crafter",
    "description": "[SyncCrafterBars] Tweak Name"
  },
  "SyncGathererBars / Description": {
    "message": "Mantém sincronizadas barras de mineradoe e botânico.",
    "description": "[SyncGathererBars] Tweak Description"
  },
  "SyncGathererBars / Name": {
    "message": "Sincronizar Barras de Gathering",
    "description": "[SyncGathererBars] Tweak Name"
  },
  "TooltipTweaks / Name": {
    "message": "Ajustes de Tooltips",
    "description": "[TooltipTweaks] Tweak Name"
  },
  "TooltipTweaks@CopyHotkey / Browser Only": {
    "message": "Apenas Navegador",
    "description": "[CopyHotkey] Item Hotkeys - Browser Only"
  },
  "TooltipTweaks@CopyHotkey / Cancel": {
    "message": "Cancelar",
    "description": "[CopyHotkey] Item Hotkeys - Cancel"
  },
  "TooltipTweaks@CopyHotkey / Confirm": {
    "message": "Confirmar",
    "description": "[CopyHotkey] Item Hotkeys - Confirm"
  },
  "TooltipTweaks@CopyHotkey / Copy Item Name": {
    "message": "Copiar Nome do Item",
    "description": "[CopyHotkey] Item Hotkeys - Copy Item Name"
  },
  "TooltipTweaks@CopyHotkey / Description": {
    "message": "Adiciona teclas de atalho para várias ações quando a janela de detalhes do item estiver visível.",
    "description": "[CopyHotkey] Tweak Description"
  },
  "TooltipTweaks@CopyHotkey / Name": {
    "message": "Atalhos de item",
    "description": "[CopyHotkey] Tweak Name"
  },
  "TooltipTweaks@CopyHotkey / NoHelpText": {
    "message": "Não exibir ajuda de tecla rápida na Tooltip",
    "description": "[CopyHotkey] Item Hotkeys - Don't show hotkey help on Tooltip"
  },
  "TooltipTweaks@CopyHotkey / Set Keybind": {
    "message": "Definir atalho",
    "description": "[CopyHotkey] Item Hotkeys - Set Keybind"
  },
  "TooltipTweaks@CopyHotkey / View on Eriones (JP)": {
    "message": "Ver em Eriones (JP)",
    "description": "[CopyHotkey] Item Hotkeys - View on Eriones (JP)"
  },
  "TooltipTweaks@CopyHotkey / View on Gamer Escape": {
    "message": "Ver em Gamer Escape",
    "description": "[CopyHotkey] Item Hotkeys - View on Gamer Escape"
  },
  "TooltipTweaks@CopyHotkey / View on Garland Tools": {
    "message": "Ver em Garland Tools",
    "description": "[CopyHotkey] Item Hotkeys - View on Garland Tools"
  },
  "TooltipTweaks@CopyHotkey / View on Teamcraft": {
    "message": "Ver em Teamcraft",
    "description": "[CopyHotkey] Item Hotkeys - View on Teamcraft"
  },
  "TooltipTweaks@DesynthesisSkill / Colour Value": {
    "message": "Valor da Cor",
    "description": "[DesynthesisSkill] Show Desynthesis Skill - Colour Value"
  },
  "TooltipTweaks@DesynthesisSkill / Description": {
    "message": "Mostra seu nível de desynthesis quando vendo algum item dessintetizável.",
    "description": "[DesynthesisSkill] Tweak Description"
  },
  "TooltipTweaks@DesynthesisSkill / Desynthesis Delta": {
    "message": "Variação de dessíntese",
    "description": "[DesynthesisSkill] Show Desynthesis Skill - Desynthesis Delta"
  },
  "TooltipTweaks@DesynthesisSkill / Name": {
    "message": "Mostrar Habilidade de Dessíntese",
    "description": "[DesynthesisSkill] Tweak Name"
  },
  "TooltipTweaks@FoodStats / Description": {
    "message": "Calcula os resultados das estatísticas que um consumível terá com base em suas estatísticas atuais.",
    "description": "[FoodStats] Tweak Description"
  },
  "TooltipTweaks@FoodStats / Highlight Active": {
    "message": "Realçar Ativo",
    "description": "[FoodStats] Show expected food and potion stats - Highlight Active"
  },
  "TooltipTweaks@FoodStats / Name": {
    "message": "Mostrar estatísticas esperadas de alimentos e poções",
    "description": "[FoodStats] Tweak Name"
  },
  "TooltipTweaks@ItemHotkeys / Description": {
    "message": "Adiciona teclas de atalho para várias ações quando a janela de detalhes do item estiver visível.",
    "description": "[ItemHotkeys] Tweak Description"
  },
  "TooltipTweaks@ItemHotkeys / Name": {
    "message": "Atalhos de item",
    "description": "[ItemHotkeys] Tweak Name"
  },
  "TooltipTweaks@MateriaStats / Colour Value": {
    "message": "Valor da Cor",
    "description": "[MateriaStats] Materia Stats - Colour Value"
  },
  "TooltipTweaks@MateriaStats / Description": {
    "message": "Inclui materia anexada de um item ao exibir as estatísticas.",
    "description": "[MateriaStats] Tweak Description"
  },
  "TooltipTweaks@MateriaStats / Name": {
    "message": "Estatísticas de Materia",
    "description": "[MateriaStats] Tweak Name"
  },
  "TooltipTweaks@MateriaStats / Show Delta": {
    "message": "Mostrar Variação",
    "description": "[MateriaStats] Materia Stats - Show Delta"
  },
  "TooltipTweaks@MateriaStats / Show Total": {
    "message": "Mostrar Total",
    "description": "[MateriaStats] Materia Stats - Show Total"
  },
  "TooltipTweaks@MateriaStats / Simplified Combined Display": {
    "message": "Exibição Combinada Simplificada",
    "description": "[MateriaStats] Materia Stats - Simplified Combined Display"
  },
  "TooltipTweaks@PrecisionDurability / Description": {
    "message": "Mostrar percentagens parciais para a durabilidade.",
    "description": "[PrecisionDurability] Tweak Description"
  },
  "TooltipTweaks@PrecisionDurability / Name": {
    "message": "Durabilidade precisa",
    "description": "[PrecisionDurability] Tweak Name"
  },
  "TooltipTweaks@PrecisionDurability / Trailing Zeros": {
    "message": "Zeros adicionais",
    "description": "[PrecisionDurability] Precise Durability - Trailing Zeros"
  },
  "TooltipTweaks@PrecisionSpiritbond / Description": {
    "message": "Mostrar percentagens parciais para Spiritbond.",
    "description": "[PrecisionSpiritbond] Tweak Description"
  },
  "TooltipTweaks@PrecisionSpiritbond / Name": {
    "message": "Spiritbond Preciso",
    "description": "[PrecisionSpiritbond] Tweak Name"
  },
  "TooltipTweaks@PrecisionSpiritbond / Trailing Zeros": {
    "message": "Zeros adicionais",
    "description": "[PrecisionSpiritbond] Precise Spiritbond - Trailing Zeros"
  },
  "TooltipTweaks@ShowItemID / Description": {
    "message": "Mostra a ID de ações e itens em suas dicas.",
    "description": "[ShowItemID] Tweak Description"
  },
  "TooltipTweaks@ShowItemID / Name": {
    "message": "Mostrar ID",
    "description": "[ShowItemID] Tweak Name"
  },
  "TooltipTweaks@ShowItemID / Show Both HEX and Decimal": {
    "message": "Mostrar tanto HEX quanto Decimal",
    "description": "[ShowItemID] [Config] Show Both HEX and Decimal"
  },
  "TooltipTweaks@ShowItemID / Use Hexadecimal ID": {
    "message": "Usar ID Hexadecimal",
    "description": "[ShowItemID] [Config] Use Hexadecimal ID"
  },
  "TryOnCorrectItem / Description": {
    "message": "Mostrar o item correto ao provar um item que tenha glamour aplicado.",
    "description": "[TryOnCorrectItem] Tweak Description"
  },
  "TryOnCorrectItem / Name": {
    "message": "Item Correto no Provador",
    "description": "[TryOnCorrectItem] Tweak Name"
  },
  "UiAdjustments / Name": {
    "message": "Ajustes da IU",
    "description": "[UiAdjustments] Tweak Name"
  },
  "UiAdjustments@AccurateVentureTimes / Description": {
    "message": "Mostrar contagem regressiva ao vivo para completar ventures na lista de retainers.",
    "description": "[AccurateVentureTimes] Tweak Description"
  },
  "UiAdjustments@AccurateVentureTimes / Name": {
    "message": "Tempos de Venture Precisos",
    "description": "[AccurateVentureTimes] Tweak Name"
  },
  "UiAdjustments@AccurateVentureTimes / Simple Display": {
    "message": "Exibição simples",
    "description": "[AccurateVentureTimes] [Config] Simple Display"
  },
  "UiAdjustments@BattleTalkAdjustments / Description": {
    "message": "Permite mover a caixa de diálogo que aparece no meio das batalhas.",
    "description": "[BattleTalkAdjustments] Tweak Description"
  },
  "UiAdjustments@BattleTalkAdjustments / Name": {
    "message": "Ajustes de Conversas de Batalha",
    "description": "[BattleTalkAdjustments] Tweak Name"
  },
  "UiAdjustments@BattleTalkAdjustments / PositionPreviewText": {
    "message": "NOVA POSIÇÃO DA CAIXA DE DIALOGO DE BATALHA",
    "description": "[BattleTalkAdjustments] Battle Talk Adjustments - NEW BATTLE TALK DIALOGUE BOX POSITION"
  },
  "UiAdjustments@BattleTalkAdjustments / Scale": {
    "message": "Escala",
    "description": "[BattleTalkAdjustments] Battle Talk Adjustments - Scale"
  },
  "UiAdjustments@BattleTalkAdjustments / X Offset": {
    "message": "Recuo Horizontal",
    "description": "[BattleTalkAdjustments] Battle Talk Adjustments - X Offset"
  },
  "UiAdjustments@BattleTalkAdjustments / Y Offset": {
    "message": "Recuo Vertical",
    "description": "[BattleTalkAdjustments] Battle Talk Adjustments - Y Offset"
  },
  "UiAdjustments@CastBarAdjustments / Align Ability Name": {
    "message": "Alinhar Nome da Habilidade",
    "description": "[CastBarAdjustments] Cast Bar Adjustments - Align Ability Name"
  },
  "UiAdjustments@CastBarAdjustments / Align Countdown Text": {
    "message": "Alinhar Texto Contagem Regressiva",
    "description": "[CastBarAdjustments] Cast Bar Adjustments - Align Countdown Text"
  },
  "UiAdjustments@CastBarAdjustments / Description": {
    "message": "Permite ocultar ou mover partes específicas da barra de cast.",
    "description": "[CastBarAdjustments] Tweak Description"
  },
  "UiAdjustments@CastBarAdjustments / Hide Ability Name": {
    "message": "Esconder Nome da Habilidade",
    "description": "[CastBarAdjustments] Cast Bar Adjustments - Hide Ability Name"
  },
  "UiAdjustments@CastBarAdjustments / Hide Casting": {
    "message": "Ocultar texto 'Casting'",
    "description": "[CastBarAdjustments] Cast Bar Adjustments - Hide 'Casting' Text"
  },
  "UiAdjustments@CastBarAdjustments / Hide Countdown Text": {
    "message": "Ocultar Texto Contagem regressiva",
    "description": "[CastBarAdjustments] Cast Bar Adjustments - Hide Countdown Text"
  },
  "UiAdjustments@CastBarAdjustments / Hide Icon": {
    "message": "Esconder Ícone",
    "description": "[CastBarAdjustments] Cast Bar Adjustments - Hide Icon"
  },
  "UiAdjustments@CastBarAdjustments / Hide Interrupted Text": {
    "message": "Esconder Texto \"Interrompido\"",
    "description": "[CastBarAdjustments] Cast Bar Adjustments - Hide Interrupted Text"
  },
  "UiAdjustments@CastBarAdjustments / Name": {
    "message": "Ajuste da barra de cast",
    "description": "[CastBarAdjustments] Tweak Name"
  },
  "UiAdjustments@CastBarAdjustments / Offset": {
    "message": "Recuo",
    "description": "[CastBarAdjustments] Cast Bar Adjustments - Offset"
  },
  "UiAdjustments@CastBarAdjustments / Show SlideCast Marker": {
    "message": "Exibir Marcador SlideCast",
    "description": "[CastBarAdjustments] Cast Bar Adjustments - Show SlideCast Marker"
  },
  "UiAdjustments@CastBarAdjustments / SlideCast Marker Colour": {
    "message": "Cor do Marcador SlideCast",
    "description": "[CastBarAdjustments] Cast Bar Adjustments - SlideCast Marker Colour"
  },
  "UiAdjustments@CastBarAdjustments / SlideCast Offset Time": {
    "message": "Tempo de Offset SlideCast",
    "description": "[CastBarAdjustments] Cast Bar Adjustments - SlideCast Offset Time"
  },
  "UiAdjustments@CastBarAdjustments / SlideCast Ready Colour": {
    "message": "Cor do SlideCast Possível",
    "description": "[CastBarAdjustments] Cast Bar Adjustments - SlideCast Ready Colour"
  },
  "UiAdjustments@ComboTimer / Always Visible": {
    "message": "Sempre Visível",
    "description": "[ComboTimer] [Config] Always Visible"
  },
  "UiAdjustments@ComboTimer / Description": {
    "message": "Mostra a contagem regressiva para ações de combo.",
    "description": "[ComboTimer] Tweak Description"
  },
  "UiAdjustments@ComboTimer / Font Size": {
    "message": "Tamanho da Fonte",
    "description": "[ComboTimer] [Config] Font Size"
  },
  "UiAdjustments@ComboTimer / Hide 'COMBO' Text": {
    "message": "Ocultar texto 'COMBO'",
    "description": "[ComboTimer] [Config] Hide 'COMBO' Text"
  },
  "UiAdjustments@ComboTimer / Name": {
    "message": "Temporizador do Combo",
    "description": "[ComboTimer] Tweak Name"
  },
  "UiAdjustments@ComboTimer / Text Color": {
    "message": "Cor do Texto",
    "description": "[ComboTimer] [Config] Text Color"
  },
  "UiAdjustments@ComboTimer / Text Outline Color": {
    "message": "Cor do Contorno",
    "description": "[ComboTimer] [Config] Text Outline Color"
  },
  "UiAdjustments@ComboTimer / X Position Offset": {
    "message": "Deslocamento em X",
    "description": "[ComboTimer] [Config] X Position Offset"
  },
  "UiAdjustments@ComboTimer / Y Position Offset": {
    "message": "Deslocamento em Y",
    "description": "[ComboTimer] [Config] Y Position Offset"
  },
  "UiAdjustments@ControlHintMirroring / Description": {
    "message": "Exibir dica de atalho para qualquer espaço não-atrelado na barra de atalhos com a mesma ação.",
    "description": "[ControlHintMirroring] Tweak Description"
  },
  "UiAdjustments@ControlHintMirroring / Name": {
    "message": "Dicas de Atalho Entre Barras",
    "description": "[ControlHintMirroring] Tweak Name"
  },
  "UiAdjustments@CustomFreeCompanyTags / AddButton": {
    "message": "Adicionar",
    "description": "[CustomFreeCompanyTags] Custom Free Company Tags - Add"
  },
  "UiAdjustments@CustomFreeCompanyTags / ColourHelpLink": {
    "message": "Clique aqui para obter uma lista de cores e brilhos.",
    "description": "[CustomFreeCompanyTags] Custom Free Company Tags - Click here for a list of supported colours and glows."
  },
  "UiAdjustments@CustomFreeCompanyTags / Description": {
    "message": "Permite ocultar ou personalizar as tags Free Company e Wanderer.",
    "description": "[CustomFreeCompanyTags] Tweak Description"
  },
  "UiAdjustments@CustomFreeCompanyTags / DuplicateNameError": {
    "message": "Esse nome já foi adicionado.",
    "description": "[CustomFreeCompanyTags] Custom Free Company Tags - This name is already added."
  },
  "UiAdjustments@CustomFreeCompanyTags / FC Tag": {
    "message": "FC Tag",
    "description": "[CustomFreeCompanyTags] Custom Free Company Tags - FC Tag"
  },
  "UiAdjustments@CustomFreeCompanyTags / FCAlreadyAddedError": {
    "message": "FC já está na lista.",
    "description": "[CustomFreeCompanyTags] Custom Free Company Tags - FC is already on list."
  },
  "UiAdjustments@CustomFreeCompanyTags / Name": {
    "message": "Etiquetas personalizadas da Free Company",
    "description": "[CustomFreeCompanyTags] Tweak Name"
  },
  "UiAdjustments@CustomFreeCompanyTags / NoFCNote": {
    "message": "Digite o nome para adicionar o FC à lista.",
    "description": "[CustomFreeCompanyTags] Custom Free Company Tags - Enter name to add FC to list."
  },
  "UiAdjustments@CustomFreeCompanyTags / Replace": {
    "message": "Substituir",
    "description": "[CustomFreeCompanyTags] Custom Free Company Tags - Replace"
  },
  "UiAdjustments@CustomFreeCompanyTags / Replacement": {
    "message": "Substituto",
    "description": "[CustomFreeCompanyTags] Custom Free Company Tags - Replacement"
  },
  "UiAdjustments@CustomTimeFormat / Description": {
    "message": "Permite definir formatos de tempo personalizados para o relógio do jogo. Usa strings de formatação C#.",
    "description": "[CustomTimeFormat] Tweak Description"
  },
  "UiAdjustments@CustomTimeFormat / Eorzea Time": {
    "message": "Horário de Eorzea",
    "description": "[CustomTimeFormat] Custom Time Formats - Eorzea Time"
  },
  "UiAdjustments@CustomTimeFormat / Local Time": {
    "message": "Horário Local",
    "description": "[CustomTimeFormat] Custom Time Formats - Local Time"
  },
  "UiAdjustments@CustomTimeFormat / Name": {
    "message": "Horários Customizados",
    "description": "[CustomTimeFormat] Tweak Name"
  },
  "UiAdjustments@CustomTimeFormat / Server Time": {
    "message": "Horário do Servidor",
    "description": "[CustomTimeFormat] Custom Time Formats - Server Time"
  },
  "UiAdjustments@ExamineItemLevel / Description": {
    "message": "Calcula o nível do item de outros jogadores ao examiná-los.\nO valor vermelho significa que o jogador está usando um item que escala ao seu nível e está mostrando o nível máximo.",
    "description": "[ExamineItemLevel] Tweak Description"
  },
  "UiAdjustments@ExamineItemLevel / ItemLevelIcon": {
    "message": "Mostrar ícone de nível do item",
    "description": "[ExamineItemLevel] Item Level in Examine - Show Item Level Icon"
  },
  "UiAdjustments@ExamineItemLevel / Name": {
    "message": "Mostrar Nível de item ao Examinar",
    "description": "[ExamineItemLevel] Tweak Name"
  },
  "UiAdjustments@ExpPercentage / Decimals": {
    "message": "Decimais",
    "description": "[ExpPercentage] [Config] Decimals"
  },
  "UiAdjustments@ExpPercentage / Description": {
    "message": "Calcule e exiba a porcentagem atual de EXP na barra de EXP.",
    "description": "[ExpPercentage] Tweak Description"
  },
  "UiAdjustments@ExpPercentage / Name": {
    "message": "Mostrar porcentagem de experiência",
    "description": "[ExpPercentage] Tweak Name"
  },
  "UiAdjustments@ExpPercentage / Only show percentage": {
    "message": "Mostrar apenas a porcentagem",
    "description": "[ExpPercentage] [Config] Only show percentage"
  },
  "UiAdjustments@ExtendedDesynthesisWindow / BlockClickOnGearset": {
    "message": "Bloquear clicar em itens de conjunto gearset.",
    "description": "[ExtendedDesynthesisWindow] Extended Desynthesis Window - Block clicking on gearset items."
  },
  "UiAdjustments@ExtendedDesynthesisWindow / Description": {
    "message": "Mostra seu nível de dessíntese atual e o nível ideal do item na janela de seleção de item a dessintetizar.\nTambém indica se um item é parte de um conjunto de equipamentos, opcionalmente impedindo a seleção de itens de gearsets.",
    "description": "[ExtendedDesynthesisWindow] Tweak Description"
  },
  "UiAdjustments@ExtendedDesynthesisWindow / Name": {
    "message": "Janela Estendida de Dessíntese",
    "description": "[ExtendedDesynthesisWindow] Tweak Name"
  },
  "UiAdjustments@ExtendedDesynthesisWindow / YellowForSkillGain": {
    "message": "Destacar ganhos de habilidade em potencial (Amarelo)",
    "description": "[ExtendedDesynthesisWindow] Extended Desynthesis Window - Highlight potential skill gains (Yellow)"
  },
  "UiAdjustments@ExtraEstateTeleportation / Description": {
    "message": "Adicione a opção de Teleporte para sua casa em mais locais.",
    "description": "[ExtraEstateTeleportation] Tweak Description"
  },
  "UiAdjustments@ExtraEstateTeleportation / Name": {
    "message": "Teleporte extra para sua casa",
    "description": "[ExtraEstateTeleportation] Tweak Name"
  },
  "UiAdjustments@ExtraEstateTeleportation / PartyList": {
    "message": "Lista de Grupo",
    "description": "[ExtraEstateTeleportation] Extra Estate Teleportation - Party List"
  },
  "UiAdjustments@ExtraEstateTeleportation / PartyMemberList": {
    "message": "Lista de Membros do Grupo (Janela Social)",
    "description": "[ExtraEstateTeleportation] Extra Estate Teleportation - Party Member List (Social window)"
  },
  "UiAdjustments@GearPositions / Description": {
    "message": "Reposiciona os slots de equipamentos no menu de personagem e janelas de inspect para criar um layout menos grosseiro.",
    "description": "[GearPositions] Tweak Description"
  },
  "UiAdjustments@GearPositions / Name": {
    "message": "Ajustar Posições de Equipamento",
    "description": "[GearPositions] Tweak Name"
  },
  "UiAdjustments@HideAchievementsNotifications / Description": {
    "message": "Ocultar completamente a notificação de conquistas próximas para login/troca de área.",
    "description": "[HideAchievementsNotifications] Tweak Description"
  },
  "UiAdjustments@HideAchievementsNotifications / HideLogIn": {
    "message": "Ocultar a notificação de login.",
    "description": "[HideAchievementsNotifications] Hide Achievements Nearing Completion Notifications - Hide the login notification."
  },
  "UiAdjustments@HideAchievementsNotifications / HideZoneIn": {
    "message": "Ocultar a notificação de troca de área.",
    "description": "[HideAchievementsNotifications] Hide Achievements Nearing Completion Notifications - Hide the zone-in notification."
  },
  "UiAdjustments@HideAchievementsNotifications / Name": {
    "message": "Ocultar notificações de conquistas próximas de completar",
    "description": "[HideAchievementsNotifications] Tweak Name"
  },
  "UiAdjustments@HideExperienceBar / Description": {
    "message": "Oculta a barra de experiência quando no nível máximo.",
    "description": "[HideExperienceBar] Tweak Description"
  },
  "UiAdjustments@HideExperienceBar / Name": {
    "message": "Esconder Barra de Experiência no Nível Máximo",
    "description": "[HideExperienceBar] Tweak Name"
  },
  "UiAdjustments@HideJobGauge / Description": {
    "message": "Permita esconder a barra do job enquanto não estiver em combate ou dungeons.",
    "description": "[HideJobGauge] Tweak Description"
  },
  "UiAdjustments@HideJobGauge / Name": {
    "message": "Ocultar a Barra do Job",
    "description": "[HideJobGauge] Tweak Name"
  },
  "UiAdjustments@HideJobGauge / Show In Combat": {
    "message": "Mostrar Quando em Combate",
    "description": "[HideJobGauge] [Config] Show In Combat"
  },
  "UiAdjustments@HideJobGauge / Show In Duty": {
    "message": "Mostrar em Duty",
    "description": "[HideJobGauge] [Config] Show In Duty"
  },
  "UiAdjustments@ImprovedWorldVisit / Description": {
    "message": "Limpa o menu visita do mundo e mostra a sua localização atual de forma ordenada na lista.",
    "description": "[ImprovedWorldVisit] Tweak Description"
  },
  "UiAdjustments@ImprovedWorldVisit / Name": {
    "message": "Menu Visita do Mundo Limpo",
    "description": "[ImprovedWorldVisit] Tweak Name"
  },
  "UiAdjustments@InventoryGil / Description": {
    "message": "Mostre o seu total de gil nas janelas do inventário, como ocorre com os retainers.",
    "description": "[InventoryGil] Tweak Description"
  },
  "UiAdjustments@InventoryGil / Name": {
    "message": "Gil no Inventário",
    "description": "[InventoryGil] Tweak Name"
  },
  "UiAdjustments@LargeCooldownCounter / Description": {
    "message": "Aumenta o tamanho de contadores em hotbars.",
    "description": "[LargeCooldownCounter] Tweak Description"
  },
  "UiAdjustments@LargeCooldownCounter / Edge Colour": {
    "message": "Cor da Borda",
    "description": "[LargeCooldownCounter] Large Cooldown Counter - Edge Colour"
  },
  "UiAdjustments@LargeCooldownCounter / Font": {
    "message": "Fonte",
    "description": "[LargeCooldownCounter] Large Cooldown Counter - Font"
  },
  "UiAdjustments@LargeCooldownCounter / Font Size Adjust": {
    "message": "Ajustar Tamanho da Fonte",
    "description": "[LargeCooldownCounter] Large Cooldown Counter - Font Size Adjust"
  },
  "UiAdjustments@LargeCooldownCounter / Name": {
    "message": "Contador de Carregamento Grande",
    "description": "[LargeCooldownCounter] Tweak Name"
  },
  "UiAdjustments@LargeCooldownCounter / Out Of Range Colour": {
    "message": "Cor de Fora de Intervalo",
    "description": "[LargeCooldownCounter] Large Cooldown Counter - Out Of Range Colour"
  },
  "UiAdjustments@LargeCooldownCounter / Out Of Range Edge Colour": {
    "message": "Cor da Borda de Fora de Intervalo",
    "description": "[LargeCooldownCounter] Large Cooldown Counter - Out Of Range Edge Colour"
  },
  "UiAdjustments@LargeCooldownCounter / Simple Mode": {
    "message": "Modo simples",
    "description": "[LargeCooldownCounter] Large Cooldown Counter - Simple Mode"
  },
  "UiAdjustments@LargeCooldownCounter / SimpleModeDescription": {
    "message": "Reverte para a verificação de tempo de espera antigo.\nCorrige problemas com XIVCombo.\nTem algumas issues quando fora do intervalo.\nNão é possível alterar a cor do texto com o Modo Simples habilitado.",
    "description": "[LargeCooldownCounter] Large Cooldown Counter - Reverts to old cooldown checking.\nFixes issues with XIVCombo.\nHas some issues when out of range.\nCannot change colour of text with Simple Mode enabled."
  },
  "UiAdjustments@LargeCooldownCounter / Text Colour": {
    "message": "Cor do Texto",
    "description": "[LargeCooldownCounter] Large Cooldown Counter - Text Colour"
  },
  "UiAdjustments@LimitTargetStatusEffects / Description": {
    "message": "Define um limite para o número de efeitos de status exibidos no seu alvo.",
    "description": "[LimitTargetStatusEffects] Tweak Description"
  },
  "UiAdjustments@LimitTargetStatusEffects / LimitOnlyInCombat": {
    "message": "Apenas limite em combate##LimitOnlyInCombat",
    "description": "[LimitTargetStatusEffects] Limit Target Status Effects - Only limit in combat##LimitOnlyInCombat"
  },
  "UiAdjustments@LimitTargetStatusEffects / Name": {
    "message": "Limitar efeitos de status do alvo",
    "description": "[LimitTargetStatusEffects] Tweak Name"
  },
  "UiAdjustments@LimitTargetStatusEffects / NbStatusEffects": {
    "message": "Número de efeitos de status exibidos##nbStatusEffectsExibir",
    "description": "[LimitTargetStatusEffects] Limit Target Status Effects - Number of status effects displayed##nbStatusEffectsDisplayed"
  },
  "UiAdjustments@LockWindowPosition / Description": {
    "message": "Permite travar a posição de quase qualquer janela da IU.",
    "description": "[LockWindowPosition] Tweak Description"
  },
  "UiAdjustments@LockWindowPosition / HelpMessage": {
    "message": "Você pode travar ou destravar janelas por meio de seu menu de contexto (clique com o botão direito da janela).",
    "description": "[LockWindowPosition] Lock Window Positions - You can lock or unlock windows from their context menu (right click the window)."
  },
  "UiAdjustments@LockWindowPosition / Lock Window Position": {
    "message": "Travar Posição da Janela",
    "description": "[LockWindowPosition] Lock Window Positions - Lock Window Position"
  },
  "UiAdjustments@LockWindowPosition / Name": {
    "message": "Travar Posições de Janelas",
    "description": "[LockWindowPosition] Tweak Name"
  },
  "UiAdjustments@LockWindowPosition / Unlock": {
    "message": "Destravar",
    "description": "[LockWindowPosition] Lock Window Positions - Unlock"
  },
  "UiAdjustments@LockWindowPosition / Unlock Window Position": {
    "message": "Destravar Posição da Janela",
    "description": "[LockWindowPosition] Lock Window Positions - Unlock Window Position"
  },
  "UiAdjustments@MarketEnhancements / Description": {
    "message": "Aprimoramento da interface do usuário para o Market Board, como incluir e destacar taxas.",
    "description": "[MarketEnhancements] Tweak Description"
  },
  "UiAdjustments@MarketEnhancements / Highlight items that can be purchased from an NPC for cheaper. (Red)": {
    "message": "Destacar itens que podem ser comprados de NPCs por um valor menor. (Vermelho)",
    "description": "[MarketEnhancements] [Config] Highlight items that can be purchased from an NPC for cheaper. (Red)"
  },
  "UiAdjustments@MarketEnhancements / Highlight items that can be sold to NPC for more. (Green)": {
    "message": "Destacar itens que podem ser vendidos para NPCs por um valor maior. (Verde)",
    "description": "[MarketEnhancements] [Config] Highlight items that can be sold to NPC for more. (Green)"
  },
  "UiAdjustments@MarketEnhancements / Include tax in single price.": {
    "message": "Incluir taxa no preço individual.",
    "description": "[MarketEnhancements] [Config] Include tax in single price."
  },
  "UiAdjustments@MarketEnhancements / Include tax in total price.": {
    "message": "Incluir taxa no preço total.",
    "description": "[MarketEnhancements] [Config] Include tax in total price."
  },
  "UiAdjustments@MarketEnhancements / Name": {
    "message": "Melhorias do Mercado",
    "description": "[MarketEnhancements] Tweak Name"
  },
  "UiAdjustments@MinimapAdjustments / Description": {
    "message": "Permite ocultar elementos da exibição do minimapa.",
    "description": "[MinimapAdjustments] Tweak Description"
  },
  "UiAdjustments@MinimapAdjustments / Name": {
    "message": "Ajustes do Minimapa",
    "description": "[MinimapAdjustments] Tweak Name"
  },
  "UiAdjustments@NotificationToastAdjustments / Description": {
    "message": "Permite mover ou ocultar as notificações que aparecem no meio da tela em várias ocasiões.",
    "description": "[NotificationToastAdjustments] Tweak Description"
  },
  "UiAdjustments@NotificationToastAdjustments / Name": {
    "message": "Ajustamentos de Toasts de Notificação",
    "description": "[NotificationToastAdjustments] Tweak Name"
  },
  "UiAdjustments@OldNameplatesTweak / Description": {
    "message": "Reverte a mudança nas Nameplates.",
    "description": "[OldNameplatesTweak] Tweak Description"
  },
  "UiAdjustments@OldNameplatesTweak / Name": {
    "message": "Ajuste de Nameplates Antigas",
    "description": "[OldNameplatesTweak] Tweak Name"
  },
  "UiAdjustments@ParameterBarAdjustments / AutoHideMp": {
    "message": "Ocultar barra de MP em jobs que não usam MP",
    "description": "[ParameterBarAdjustments] Parameter Bar Adjustments - Hide MP Bar on jobs that don't use MP"
  },
  "UiAdjustments@ParameterBarAdjustments / CP Bar Color": {
    "message": "Cor da barra CP",
    "description": "[ParameterBarAdjustments] Parameter Bar Adjustments - CP Bar Color"
  },
  "UiAdjustments@ParameterBarAdjustments / Description": {
    "message": "Permite ocultar ou mover partes específicas da barra de parâmetros (HP e barras de mana).",
    "description": "[ParameterBarAdjustments] Tweak Description"
  },
  "UiAdjustments@ParameterBarAdjustments / GP Bar Color": {
    "message": "Cor da barra GP",
    "description": "[ParameterBarAdjustments] Parameter Bar Adjustments - GP Bar Color"
  },
  "UiAdjustments@ParameterBarAdjustments / Hide 'HP' Text": {
    "message": "Esconder texto 'HP'",
    "description": "[ParameterBarAdjustments] Parameter Bar Adjustments - Hide 'HP' Text"
  },
  "UiAdjustments@ParameterBarAdjustments / Hide 'MP' Text": {
    "message": "Esconder texto 'MP'",
    "description": "[ParameterBarAdjustments] Parameter Bar Adjustments - Hide 'MP' Text"
  },
  "UiAdjustments@ParameterBarAdjustments / Hide HP Bar": {
    "message": "Esconder barra HP",
    "description": "[ParameterBarAdjustments] Parameter Bar Adjustments - Hide HP Bar"
  },
  "UiAdjustments@ParameterBarAdjustments / Hide HP Value": {
    "message": "Esconder valor de HP",
    "description": "[ParameterBarAdjustments] Parameter Bar Adjustments - Hide HP Value"
  },
  "UiAdjustments@ParameterBarAdjustments / Hide MP Bar": {
    "message": "Esconder Barra MP",
    "description": "[ParameterBarAdjustments] Parameter Bar Adjustments - Hide MP Bar"
  },
  "UiAdjustments@ParameterBarAdjustments / Hide MP Value": {
    "message": "Esconder Valor MP",
    "description": "[ParameterBarAdjustments] Parameter Bar Adjustments - Hide MP Value"
  },
  "UiAdjustments@ParameterBarAdjustments / Hide Target Cycling": {
    "message": "Esconder navegação de Alvos",
    "description": "[ParameterBarAdjustments] Parameter Bar Adjustments - Hide Target Cycling"
  },
  "UiAdjustments@ParameterBarAdjustments / HP Bar Color": {
    "message": "Cor da barra HP",
    "description": "[ParameterBarAdjustments] Parameter Bar Adjustments - HP Bar Color"
  },
  "UiAdjustments@ParameterBarAdjustments / MP Bar Color": {
    "message": "Cor da barra MP",
    "description": "[ParameterBarAdjustments] Parameter Bar Adjustments - MP Bar Color"
  },
  "UiAdjustments@ParameterBarAdjustments / Name": {
    "message": "Ajustes da barra de parâmetros",
    "description": "[ParameterBarAdjustments] Tweak Name"
  },
  "UiAdjustments@PartyListStatusTimers / Description": {
    "message": "Mostrar temporizadores sobre efeitos de status na lista de grupo.",
    "description": "[PartyListStatusTimers] Tweak Description"
  },
  "UiAdjustments@PartyListStatusTimers / Name": {
    "message": "Temporizadores de Status na Lista de Grupo",
    "description": "[PartyListStatusTimers] Tweak Name"
  },
  "UiAdjustments@ReducedDeepDungeonInfo / Description": {
    "message": "Remove as informações redundantes das informações do personagem da Deep Dungeon.",
    "description": "[ReducedDeepDungeonInfo] Tweak Description"
  },
  "UiAdjustments@ReducedDeepDungeonInfo / Name": {
    "message": "Informações Resumidas de Deep Dungeons",
    "description": "[ReducedDeepDungeonInfo] Tweak Name"
  },
  "UiAdjustments@RememberTitleSorting / Description": {
    "message": "Lembre-se da opção de classificação selecionada no menu de seleção de títulos.",
    "description": "[RememberTitleSorting] Tweak Description"
  },
  "UiAdjustments@RememberTitleSorting / Name": {
    "message": "Lembrar classificação de título",
    "description": "[RememberTitleSorting] Tweak Name"
  },
  "UiAdjustments@RemoveCommunityFinder / Description": {
    "message": "Ocultar os botões do buscador da comunidade das janelas sociais.",
    "description": "[RemoveCommunityFinder] Tweak Description"
  },
  "UiAdjustments@RemoveCommunityFinder / Name": {
    "message": "Remover Localizador de Comunidade",
    "description": "[RemoveCommunityFinder] Tweak Name"
  },
  "UiAdjustments@RemoveQuestMarkerLimit / Description": {
    "message": "Permitir que o mapa e o minimapa exibam marcadores para mais de 5 missões ativas.",
    "description": "[RemoveQuestMarkerLimit] Tweak Description"
  },
  "UiAdjustments@RemoveQuestMarkerLimit / Name": {
    "message": "Remover Limite de Marcadores de Missão",
    "description": "[RemoveQuestMarkerLimit] Tweak Name"
  },
  "UiAdjustments@SellMaxTripleTriadCards / Description": {
    "message": "Define o número padrão de cartas a vender no Triple Triad Trader para o número de cartas que possuir.",
    "description": "[SellMaxTripleTriadCards] Tweak Description"
  },
  "UiAdjustments@SellMaxTripleTriadCards / Name": {
    "message": "Ajusta qtde para o máximo ao vender cartões de Triple Triad",
    "description": "[SellMaxTripleTriadCards] Tweak Name"
  },
  "UiAdjustments@ShiftTargetCastBarText / Description": {
    "message": "Move o texto na castbar de um alvo para facilitar a leitura",
    "description": "[ShiftTargetCastBarText] Tweak Description"
  },
  "UiAdjustments@ShiftTargetCastBarText / Name": {
    "message": "Reposicionar Texto da Castbar do Alvo",
    "description": "[ShiftTargetCastBarText] Tweak Name"
  },
  "UiAdjustments@ShowShieldOnHPBar / Description": {
    "message": "Mostrar valor de escudo aproximado na barra de HP.",
    "description": "[ShowShieldOnHPBar] Tweak Description"
  },
  "UiAdjustments@ShowShieldOnHPBar / Name": {
    "message": "Escudo de barra de HP",
    "description": "[ShowShieldOnHPBar] Tweak Name"
  },
  "UiAdjustments@SmartNameplates / Description": {
    "message": "Fornece opções para ocultar as nameplates de outros jogadores em combate sob certas condições.",
    "description": "[SmartNameplates] Tweak Description"
  },
  "UiAdjustments@SmartNameplates / Ignore Alliance Members": {
    "message": "Ignorar membros da Aliança",
    "description": "[SmartNameplates] Smart Nameplates - Ignore Alliance Members"
  },
  "UiAdjustments@SmartNameplates / Ignore Dead Players": {
    "message": "Ignorar jogadores mortos",
    "description": "[SmartNameplates] Smart Nameplates - Ignore Dead Players"
  },
  "UiAdjustments@SmartNameplates / Ignore Friends": {
    "message": "Ignorar amigos",
    "description": "[SmartNameplates] Smart Nameplates - Ignore Friends"
  },
  "UiAdjustments@SmartNameplates / Ignore Party Members": {
    "message": "Ignorar Membros do Grupo",
    "description": "[SmartNameplates] Smart Nameplates - Ignore Party Members"
  },
  "UiAdjustments@SmartNameplates / Ignore Targeted Players": {
    "message": "Ignorar jogadores alvos",
    "description": "[SmartNameplates] Smart Nameplates - Ignore Targeted Players"
  },
  "UiAdjustments@SmartNameplates / IgnorePlayersNote": {
    "message": "As seguintes opções desativarão os ajustes para alguns jogadores.",
    "description": "[SmartNameplates] Smart Nameplates - The following options will disable the tweak for certain players."
  },
  "UiAdjustments@SmartNameplates / Name": {
    "message": "Nameplates Inteligentes",
    "description": "[SmartNameplates] Tweak Name"
  },
  "UiAdjustments@SmartNameplates / Show HP": {
    "message": "Exibir HP",
    "description": "[SmartNameplates] Smart Nameplates - Show HP"
  },
  "UiAdjustments@TargetHP / Description": {
    "message": "Exibe o valor exato (ou opcionalmente arredondado) dos pontos de vida do alvo.",
    "description": "[TargetHP] Tweak Description"
  },
  "UiAdjustments@TargetHP / Name": {
    "message": "HP do Alvo",
    "description": "[TargetHP] Tweak Name"
  },
  "UiAdjustments@TimerOnDutyWaiting / Description": {
    "message": "Mostra a contagem regressiva de 45 segundos depois de estar pronto para uma duty.",
    "description": "[TimerOnDutyWaiting] Tweak Description"
  },
  "UiAdjustments@TimerOnDutyWaiting / Name": {
    "message": "Timer em espera por duty",
    "description": "[TimerOnDutyWaiting] Tweak Name"
  },
  "UiAdjustments@TimeUntilGpMax / Description": {
    "message": "Mostra uma contagem regressiva quando jogando classes de Coleta para estimar o tempo até que seu GP esteja totalmente carregado.",
    "description": "[TimeUntilGpMax] Tweak Description"
  },
  "UiAdjustments@TimeUntilGpMax / Name": {
    "message": "Tempo até GP Max",
    "description": "[TimeUntilGpMax] Tweak Name"
  },
  "Unhide Tweak": {
    "message": "Reexibir Tweak",
    "description": "Unhide Tweak - Unhide Tweak"
  }
}