{
  "All Tweaks": {
    "message": "全部",
    "description": "All Tweaks Tab Header"
  },
  "AutoLockHotbar / Description": {
    "message": "当满足某些条件时，自动锁定操作栏。",
    "description": "[AutoLockHotbar] Tweak Description"
  },
  "AutoLockHotbar / Name": {
    "message": "自动锁定操作栏",
    "description": "[AutoLockHotbar] Tweak Name"
  },
  "AutoOpenCommendWindow / Description": {
    "message": "完成副本任务后打开最优队员窗口",
    "description": "[AutoOpenCommendWindow] Tweak Description"
  },
  "AutoOpenCommendWindow / Name": {
    "message": "自动打开最优队员推荐窗口",
    "description": "[AutoOpenCommendWindow] Tweak Name"
  },
  "AutoOpenLootWindow / Description": {
    "message": "当在副本内，有获得新物品时，自动打开战利品分配窗口。",
    "description": "[AutoOpenLootWindow] Tweak Description"
  },
  "AutoOpenLootWindow / Name": {
    "message": "获得新物品时打开战利品窗口",
    "description": "[AutoOpenLootWindow] Tweak Name"
  },
  "AutoRefreshMaterialList / Description": {
    "message": "自动刷新所需材料列表与配方树状图。",
    "description": "[AutoRefreshMaterialList] Tweak Description"
  },
  "AutoRefreshMaterialList / Name": {
    "message": "自动刷新材料列表",
    "description": "[AutoRefreshMaterialList] Tweak Name"
  },
  "BaitCommand / Description": {
    "message": "添加/bait指令来切换鱼饵。",
    "description": "[BaitCommand] Tweak Description"
  },
  "BaitCommand / Name": {
    "message": "鱼饵指令",
    "description": "[BaitCommand] Tweak Name"
  },
  "Category / Chat": {
    "message": "聊天",
    "description": "Tweak Category"
  },
  "Category / Command": {
    "message": "指令",
    "description": "Tweak Category"
  },
  "Category / Experimental": {
    "message": "实验性功能",
    "description": "Tweak Category"
  },
  "Category / Other": {
    "message": "其它",
    "description": "Tweak Category"
  },
  "Category / QoL": {
    "message": "QoL",
    "description": "Tweak Category"
  },
  "Category / Tooltip": {
    "message": "工具提示",
    "description": "Tweak Category"
  },
  "Category / UI": {
    "message": "界面",
    "description": "Tweak Category"
  },
  "CharaCardCommand / Description": {
    "message": "添加一个指令来打开冒险者铭牌。",
    "description": "[CharaCardCommand] Tweak Description"
  },
  "CharaCardCommand / Name": {
    "message": "打开冒险者铭牌指令",
    "description": "[CharaCardCommand] Tweak Name"
  },
  "CharacterClassSwitcher / Description": {
    "message": "点击职业名称以切换套装（能工巧匠除外）",
    "description": "[CharacterClassSwitcher] Tweak Description"
  },
  "CharacterClassSwitcher / Name": {
    "message": "角色窗口切换职业",
    "description": "[CharacterClassSwitcher] Tweak Name"
  },
  "CharaViewIncreasedZoom / Description": {
    "message": "增加角色预览的缩放距离，比如“试穿”和“调查”",
    "description": "[CharaViewIncreasedZoom] Tweak Description"
  },
  "CharaViewIncreasedZoom / Name": {
    "message": "增加角色预览缩放距离",
    "description": "[CharaViewIncreasedZoom] Tweak Name"
  },
  "ChatTweaks / Name": {
    "message": "聊天优化",
    "description": "[ChatTweaks] Tweak Name"
  },
  "ChatTweaks@CaseInsensitiveCommands / Description": {
    "message": "允许文本指令无视大小写。",
    "description": "[CaseInsensitiveCommands] Tweak Description"
  },
  "ChatTweaks@CaseInsensitiveCommands / Name": {
    "message": "文本指令不区分大小写",
    "description": "[CaseInsensitiveCommands] Tweak Name"
  },
  "ChatTweaks@ChatNameColours / Description": {
    "message": "在聊天栏中，每个玩家的名字会随机分配一种颜色，也可以手动设置",
    "description": "[ChatNameColours] Tweak Description"
  },
  "ChatTweaks@ChatNameColours / Name": {
    "message": "多彩玩家聊天名",
    "description": "[ChatNameColours] Tweak Name"
  },
  "ChatTweaks@ChatSoundsEverywhere / Description": {
    "message": "在所有聊天频道启用 <se.#> 声音。",
    "description": "[ChatSoundsEverywhere] Tweak Description"
  },
  "ChatTweaks@ChatSoundsEverywhere / Name": {
    "message": "在所有聊天频道启用音效",
    "description": "[ChatSoundsEverywhere] Tweak Name"
  },
  "ChatTweaks@ClickableLinks / Description": {
    "message": "解析聊天中的链接，并允许点击它们。",
    "description": "[ClickableLinks] Tweak Description"
  },
  "ChatTweaks@ClickableLinks / Name": {
    "message": "聊天中可打开链接",
    "description": "[ClickableLinks] Tweak Name"
  },
  "ChatTweaks@CustomTimestampFormat / Description": {
    "message": "自定义聊天信息中显示的时间戳。",
    "description": "[CustomTimestampFormat] Tweak Description"
  },
  "ChatTweaks@CustomTimestampFormat / Name": {
    "message": "自定义时间格式",
    "description": "[CustomTimestampFormat] Tweak Name"
  },
  "ChatTweaks@DisableAutoChatInputs / Description": {
    "message": "阻止游戏将<flag>或其他参数插入聊天框。",
    "description": "[DisableAutoChatInputs] Tweak Description"
  },
  "ChatTweaks@DisableAutoChatInputs / Name": {
    "message": "禁用聊天栏自动插入",
    "description": "[DisableAutoChatInputs] Tweak Name"
  },
  "ChatTweaks@DisableChatAutoscroll / Description": {
    "message": "在滚动时尝试防止在收到新的聊天消息时自动滚动。",
    "description": "[DisableChatAutoscroll] Tweak Description"
  },
  "ChatTweaks@DisableChatAutoscroll / Name": {
    "message": "智能聊天信息滚动",
    "description": "[DisableChatAutoscroll] Tweak Name"
  },
  "ChatTweaks@DisableChatMovement / Description": {
    "message": "阻止聊天窗口的移动。",
    "description": "[DisableChatMovement] Tweak Description"
  },
  "ChatTweaks@DisableChatMovement / Name": {
    "message": "禁用聊天窗口移动",
    "description": "[DisableChatMovement] Tweak Name"
  },
  "ChatTweaks@EchoPartyFinder / Description": {
    "message": "将组队查找描述输出至聊天，以在组队时进行聊天",
    "description": "[EchoPartyFinder] Tweak Description"
  },
  "ChatTweaks@EchoPartyFinder / Name": {
    "message": "Echo 频道输出组队查找器",
    "description": "[EchoPartyFinder] Tweak Name"
  },
  "ChatTweaks@EchoStorySelection / Description": {
    "message": "当在任务中给出多个选择时，将选中的选项输出至聊天。",
    "description": "[EchoStorySelection] Tweak Description"
  },
  "ChatTweaks@EchoStorySelection / Name": {
    "message": "Echo 频道输出剧情选择",
    "description": "[EchoStorySelection] Tweak Name"
  },
  "ChatTweaks@ExpGainLevelPercent / Description": {
    "message": "在聊天中显示你获得的经验值中包含下一级所需经验值的百分比。",
    "description": "[ExpGainLevelPercent] Tweak Description"
  },
  "ChatTweaks@ExpGainLevelPercent / Name": {
    "message": "显示经验增益百分比",
    "description": "[ExpGainLevelPercent] Tweak Name"
  },
  "ChatTweaks@HideChat / Description": {
    "message": "提供隐藏聊天的命令。(/chatvis show|hide|teggle)",
    "description": "[HideChat] Tweak Description"
  },
  "ChatTweaks@HideChat / Name": {
    "message": "隐藏聊天",
    "description": "[HideChat] Tweak Name"
  },
  "ChatTweaks@HideChatAuto / Description": {
    "message": "除了输入时，自动隐藏聊天。",
    "description": "[HideChatAuto] Tweak Description"
  },
  "ChatTweaks@HideChatAuto / Name": {
    "message": "自动隐藏聊天",
    "description": "[HideChatAuto] Tweak Name"
  },
  "ChatTweaks@HideChatPanelButtons / Description": {
    "message": "隐藏已从主窗口拆分的聊天频道名称和关闭按钮。",
    "description": "[HideChatPanelButtons] Tweak Description"
  },
  "ChatTweaks@HideChatPanelButtons / Name": {
    "message": "隐藏聊天面板按钮",
    "description": "[HideChatPanelButtons] Tweak Name"
  },
  "ChatTweaks@ImprovedFontSizes / Description": {
    "message": "允许修改聊天窗口的字体大小超过默认限制， 并允许聊天选项卡与主选项卡有不同的字体大小。",
    "description": "[ImprovedFontSizes] Tweak Description"
  },
  "ChatTweaks@ImprovedFontSizes / Name": {
    "message": "改善字体大小",
    "description": "[ImprovedFontSizes] Tweak Name"
  },
  "ChatTweaks@PrintSearchComment / Description": {
    "message": "在聊天栏中打印被检查的角色的个性签名。",
    "description": "[PrintSearchComment] Tweak Description"
  },
  "ChatTweaks@PrintSearchComment / Name": {
    "message": "打印个性签名",
    "description": "[PrintSearchComment] Tweak Name"
  },
  "ChatTweaks@RenameChatTabs / Description": {
    "message": "允许重命名聊天窗口中的普通选项卡名称和战斗选项卡名称",
    "description": "[RenameChatTabs] Tweak Description"
  },
  "ChatTweaks@RenameChatTabs / Name": {
    "message": "重命名聊天选项卡",
    "description": "[RenameChatTabs] Tweak Name"
  },
  "ChatTweaks@ReplyChannelSwitch / Description": {
    "message": "输入 /r 会固定当前聊天频道为悄悄话",
    "description": "[ReplyChannelSwitch] Tweak Description"
  },
  "ChatTweaks@ReplyChannelSwitch / Name": {
    "message": "聊天回复选项",
    "description": "[ReplyChannelSwitch] Tweak Name"
  },
  "ChatTweaks@StickyChat / Description": {
    "message": "将临时对话的频道设置为当前频道，\n例如：“/p hello!”将切换聊天频道至组队频道",
    "description": "[StickyChat] Tweak Description"
  },
  "ChatTweaks@StickyChat / Name": {
    "message": "置顶聊天",
    "description": "[StickyChat] Tweak Name"
  },
  "ChatTweaks@StickyShoutChat / Description": {
    "message": "阻止游戏自动切换出喊话频道。",
    "description": "[StickyShoutChat] Tweak Description"
  },
  "ChatTweaks@StickyShoutChat / Name": {
    "message": "好想一直喊",
    "description": "[StickyShoutChat] Tweak Name"
  },
  "ChatTweaks@ZoomedChatCustomization / Description": {
    "message": "允许自定义缩放聊天框的大小和位置。",
    "description": "[ZoomedChatCustomization] Tweak Description"
  },
  "ChatTweaks@ZoomedChatCustomization / Name": {
    "message": "自定义缩放聊天框",
    "description": "[ZoomedChatCustomization] Tweak Name"
  },
  "ChrDirCommand / Description": {
    "message": "添加命令以显示或打开本地角色文件夹",
    "description": "[ChrDirCommand] Tweak Description"
  },
  "ChrDirCommand / Name": {
    "message": "角色文件夹命令",
    "description": "[ChrDirCommand] Tweak Name"
  },
  "CombatMovementControl / Description": {
    "message": "进入/脱离战斗或拔出/收回武器，关联战斗移动操作类型标准和传统。",
    "description": "[CombatMovementControl] Tweak Description"
  },
  "CombatMovementControl / Name": {
    "message": "控制战斗移动操作类型",
    "description": "[CombatMovementControl] Tweak Name"
  },
  "CommandAlias / Description": {
    "message": "创建聊天栏命令的别称以方便输入",
    "description": "[CommandAlias] Tweak Description"
  },
  "CommandAlias / Name": {
    "message": "自定义同义命令",
    "description": "[CommandAlias] Tweak Name"
  },
  "ContentsFinderConfirmClassSwitch / Description": {
    "message": "在准备确认窗口单击“上一个”职业图标来切换职业。",
    "description": "[ContentsFinderConfirmClassSwitch] Tweak Description"
  },
  "ContentsFinderConfirmClassSwitch / Name": {
    "message": "进本确认职业切换",
    "description": "[ContentsFinderConfirmClassSwitch] Tweak Name"
  },
  "CustomDefaultQuantity / Description": {
    "message": "允许在使用存款选项时设置一个自定义金额来存入或取出。",
    "description": "[CustomDefaultQuantity] Tweak Description"
  },
  "CustomDefaultQuantity / Name": {
    "message": "自定义默认存款取款金额",
    "description": "[CustomDefaultQuantity] Tweak Name"
  },
  "CustomizeGroupPoseCameraControl / Description": {
    "message": "允许在gpose中自定义相机控制",
    "description": "[CustomizeGroupPoseCameraControl] Tweak Description"
  },
  "CustomizeGroupPoseCameraControl / Name": {
    "message": "自定义gpose相机控制",
    "description": "[CustomizeGroupPoseCameraControl] Tweak Name"
  },
  "DataCentreOnTitleScreen / Description": {
    "message": "在标题画面上显示当前数据中心",
    "description": "[DataCentreOnTitleScreen] Tweak Description"
  },
  "DataCentreOnTitleScreen / Name": {
    "message": "标题画面的数据中心",
    "description": "[DataCentreOnTitleScreen] Tweak Name"
  },
  "DisableCameraCulling / Description": {
    "message": "阻止在相机靠的太近时隐藏角色。",
    "description": "[DisableCameraCulling] Tweak Description"
  },
  "DisableCameraCulling / Name": {
    "message": "禁用相机截断",
    "description": "[DisableCameraCulling] Tweak Name"
  },
  "DisableClickTargeting / Description": {
    "message": "可以禁用鼠标点击选中目标的功能",
    "description": "[DisableClickTargeting] Tweak Description"
  },
  "DisableClickTargeting / Name": {
    "message": "禁用目标选中",
    "description": "[DisableClickTargeting] Tweak Name"
  },
  "DisableMountVolumeChange / Description": {
    "message": "原地不动时坐骑音乐不会变低",
    "description": "[DisableMountVolumeChange] Tweak Description"
  },
  "DisableMountVolumeChange / Name": {
    "message": "关闭坐骑音量变化",
    "description": "[DisableMountVolumeChange] Tweak Name"
  },
  "DisableMouseCameraControl / Description": {
    "message": "禁用鼠标的所有镜头控制。",
    "description": "[DisableMouseCameraControl] Tweak Description"
  },
  "DisableMouseCameraControl / Name": {
    "message": "禁用鼠标镜头控制",
    "description": "[DisableMouseCameraControl] Tweak Name"
  },
  "DisableNoviceNetworkAutoSwitch / Description": {
    "message": "当登录或传送到另一个服务器时，禁用自动切换新频。",
    "description": "[DisableNoviceNetworkAutoSwitch] Tweak Description"
  },
  "DisableNoviceNetworkAutoSwitch / Name": {
    "message": "阻止自动切换新人频道",
    "description": "[DisableNoviceNetworkAutoSwitch] Tweak Name"
  },
  "DisableTitleScreenMovie / Description": {
    "message": "禁用在主界面闲置过久时会播放的开场动画",
    "description": "[DisableTitleScreenMovie] Tweak Description"
  },
  "DisableTitleScreenMovie / Name": {
    "message": "禁用开场动画",
    "description": "[DisableTitleScreenMovie] Tweak Name"
  },
  "DutyTimer / Description": {
    "message": "当完成副本时告诉您花了多少时间。",
    "description": "[DutyTimer] Tweak Description"
  },
  "DutyTimer / Name": {
    "message": "任务计时器",
    "description": "[DutyTimer] Tweak Name"
  },
  "EmoteLogServerBarEntry / Description": {
    "message": "在服务器栏中显示表情记录状态图标。",
    "description": "[EmoteLogServerBarEntry] Tweak Description"
  },
  "EmoteLogServerBarEntry / Name": {
    "message": "在服务器栏中显示表情记录",
    "description": "[EmoteLogServerBarEntry] Tweak Name"
  },
  "EmoteLogSubcommand / Description": {
    "message": "当表情文本提示关闭时添加“text”子命令来显示文本提示。/yes text",
    "description": "[EmoteLogSubcommand] Tweak Description"
  },
  "EmoteLogSubcommand / Name": {
    "message": "表情文本提示子命令",
    "description": "[EmoteLogSubcommand] Tweak Name"
  },
  "Enabled Tweaks": {
    "message": "已启用的调整",
    "description": "Enabled Tweaks Tab Header"
  },
  "EnsureTooltipRemainsOnScreen / Description": {
    "message": "阻止提示框超出屏幕底部。使用使提示框变长的调整时会比较有用。",
    "description": "[EnsureTooltipRemainsOnScreen] Tweak Description"
  },
  "EnsureTooltipRemainsOnScreen / Name": {
    "message": "确保提示框保持在屏幕上",
    "description": "[EnsureTooltipRemainsOnScreen] Tweak Name"
  },
  "EquipFromHotbar / Description": {
    "message": "可以把装备放到热键栏上。",
    "description": "[EquipFromHotbar] Tweak Description"
  },
  "EquipFromHotbar / Name": {
    "message": "热键栏装备",
    "description": "[EquipFromHotbar] Tweak Name"
  },
  "EquipJobCommand / Description": {
    "message": "添加一个切换职业或套装的文本指令。",
    "description": "[EquipJobCommand] Tweak Description"
  },
  "EquipJobCommand / Name": {
    "message": "切换职业指令",
    "description": "[EquipJobCommand] Tweak Name"
  },
  "EstateListCommand / Description": {
    "message": "添加一个指令来打开你的某个好友的房屋列表。(/estatelist)",
    "description": "[EstateListCommand] Tweak Description"
  },
  "EstateListCommand / Name": {
    "message": "房屋传送指令",
    "description": "[EstateListCommand] Tweak Name"
  },
  "ExitGame / Description": {
    "message": "按下Alt+F4安全的关闭游戏。",
    "description": "[ExitGame] Tweak Description"
  },
  "ExitGame / Name": {
    "message": "Alt + F4 退出游戏",
    "description": "[ExitGame] Tweak Name"
  },
  "ExtendedMacroIcon / Description": {
    "message": "允许在宏内使用“/macroicon # id”时使用特定的图标 ID。",
    "description": "[ExtendedMacroIcon] Tweak Description"
  },
  "ExtendedMacroIcon / Name": {
    "message": "扩展宏图标",
    "description": "[ExtendedMacroIcon] Tweak Name"
  },
  "FixTarget / Description": {
    "message": "允许使用'/target'命令选中玩家角色或NPC",
    "description": "[FixTarget] Tweak Description"
  },
  "FixTarget / Name": {
    "message": "修复'/target'命令",
    "description": "[FixTarget] Tweak Name"
  },
  "FurnitureClocksCustomTime / Description": {
    "message": "更改时钟类家具上显示的时间。",
    "description": "[FurnitureClocksCustomTime] Tweak Description"
  },
  "FurnitureClocksCustomTime / Name": {
    "message": "在家具钟上使用自定义时间",
    "description": "[FurnitureClocksCustomTime] Tweak Name"
  },
  "GearsetSaveCurrent / Description": {
    "message": "添一个更新当前套装的文本指令。",
    "description": "[GearsetSaveCurrent] Tweak Description"
  },
  "GearsetSaveCurrent / Name": {
    "message": "套装更新指令",
    "description": "[GearsetSaveCurrent] Tweak Name"
  },
  "General Options / Analytics Opt Out": {
    "message": "不参与匿名使用数据统计",
    "description": "General Options / Analytics Opt Out - Opt out of metrics"
  },
  "General Options / Auto Open Changelog": {
    "message": "自动打开新修改日志",
    "description": "General Options / Auto Open Changelog - Open New Changelogs Automatically"
  },
  "General Options / Disable Changelog Notice": {
    "message": "禁用更新日志通知",
    "description": "General Options / Disable Changelog Notice - Disable Changelog Notifications"
  },
  "General Options / Festive Decorations": {
    "message": "节日装饰",
    "description": "General Options / Festive Decorations - Festive Decorations"
  },
  "General Options / Formatting Culture": {
    "message": "格式化文化",
    "description": "General Options / Formatting Culture - Formatting Culture"
  },
  "General Options / Hide KoFi": {
    "message": "隐藏 Ko-Fi 链接。",
    "description": "General Options / Hide KoFi - Hide Ko-fi link."
  },
  "General Options / Language": {
    "message": "语言",
    "description": "General Options / Language - Language"
  },
  "General Options / Show Experimental Tweaks": {
    "message": "显示实验性的调整",
    "description": "General Options / Show Experimental Tweaks - Show Experimental Tweaks."
  },
  "General Options / Show Tweak Descriptions": {
    "message": "显示调整描述。",
    "description": "General Options / Show Tweak Descriptions - Show tweak descriptions."
  },
  "General Options / Show Tweak IDs": {
    "message": "显示 tweew ID",
    "description": "General Options / Show Tweak IDs - Show tweak IDs."
  },
  "General Options / TabHeader": {
    "message": "常规设置",
    "description": "General Options / TabHeader - General Options"
  },
  "General Options / Use Fuzzy Search": {
    "message": "使用模糊搜索",
    "description": "General Options / Use Fuzzy Search - Use fuzzy search"
  },
  "General Options / Visible Category Tabs": {
    "message": "可见分类标签",
    "description": "General Options / Visible Category Tabs - Visible Category Tabs"
  },
  "HideHotbarLock / Description": {
    "message": "隐藏快捷栏锁定按钮，按住SHIFT时可见。",
    "description": "[HideHotbarLock] Tweak Description"
  },
  "HideHotbarLock / Name": {
    "message": "隐藏热键栏锁",
    "description": "[HideHotbarLock] Tweak Name"
  },
  "HideMouseAfterInactivity / Description": {
    "message": "一段时间不活动后隐藏光标，就像播放过场动画时那样。",
    "description": "[HideMouseAfterInactivity] Tweak Description"
  },
  "HideMouseAfterInactivity / Name": {
    "message": "不活动后隐藏光标",
    "description": "[HideMouseAfterInactivity] Tweak Name"
  },
  "HighResScreenshots / Description": {
    "message": "允许更高分辨率的屏幕截图，隐藏Dalamud & Game UI，并从屏幕截图中移除版权信息。",
    "description": "[HighResScreenshots] Tweak Description"
  },
  "HighResScreenshots / Name": {
    "message": "屏幕截图改进",
    "description": "[HighResScreenshots] Tweak Name"
  },
  "HouseLightCommand / Description": {
    "message": "添加一个控制您所有房屋灯光的命令。",
    "description": "[HouseLightCommand] Tweak Description"
  },
  "HouseLightCommand / Name": {
    "message": "房屋灯光命令",
    "description": "[HouseLightCommand] Tweak Name"
  },
  "ImprovedCraftingLog / Description": {
    "message": "修改制作笔记中的开始制作作业按钮以切换职业或从制作位置站起来，允许您在不关闭制作笔记的情况下停止制作。",
    "description": "[ImprovedCraftingLog] Tweak Description"
  },
  "ImprovedCraftingLog / Name": {
    "message": "更好的制作笔记",
    "description": "[ImprovedCraftingLog] Tweak Name"
  },
  "ImprovedSentMessageHistory / Description": {
    "message": "打字一半不小心按到上？这个可以帮你恢复，还能增加历史记录数量！",
    "description": "[ImprovedSentMessageHistory] Tweak Description"
  },
  "ImprovedSentMessageHistory / Name": {
    "message": "历史发送消息增强",
    "description": "[ImprovedSentMessageHistory] Tweak Name"
  },
  "KeepOpen / Description": {
    "message": "防止某些窗口在特定情况下隐藏。",
    "description": "[KeepOpen] Tweak Description"
  },
  "KeepOpen / Name": {
    "message": "保持窗口打开",
    "description": "[KeepOpen] Tweak Name"
  },
  "KeyInterrupt / Description": {
    "message": "屏蔽Alt-Tab 以及其他键来让您保持在游戏中。",
    "description": "[KeyInterrupt] Tweak Description"
  },
  "KeyInterrupt / Name": {
    "message": "键盘游戏模式",
    "description": "[KeyInterrupt] Tweak Name"
  },
  "LeaveDutyCommand / Description": {
    "message": "添加一个文本指令来离开当前的副本。",
    "description": "[LeaveDutyCommand] Tweak Description"
  },
  "LeaveDutyCommand / Name": {
    "message": "离开任务命令",
    "description": "[LeaveDutyCommand] Tweak Name"
  },
  "LevelingDungeonCommand / Description": {
    "message": "添加一个指令，可直接开启你当前等级可进入的最高级别练级副本。",
    "description": "[LevelingDungeonCommand] Tweak Description"
  },
  "LevelingDungeonCommand / Name": {
    "message": "最高等级非整数迷宫命令",
    "description": "[LevelingDungeonCommand] Tweak Name"
  },
  "LongVeil / Description": {
    "message": "显示婚礼头纱的加长版本",
    "description": "[LongVeil] Tweak Description"
  },
  "LongVeil / Name": {
    "message": "显示长婚礼头纱",
    "description": "[LongVeil] Tweak Name"
  },
  "MainCommandCommand / Description": {
    "message": "在宏和聊天频道中，使用 '/maincommand [name]' 来启动任意的快捷指令",
    "description": "[MainCommandCommand] Tweak Description"
  },
  "MainCommandCommand / Name": {
    "message": "快捷指令命令",
    "description": "[MainCommandCommand] Tweak Name"
  },
  "MinionAway / Description": {
    "message": "添加一个命令来收回您当前的宠物。/minionaway",
    "description": "[MinionAway] Tweak Description"
  },
  "MinionAway / Name": {
    "message": "收回宠物命令",
    "description": "[MinionAway] Tweak Name"
  },
  "MoveCutsceneTalk / Description": {
    "message": "可以设置过场动画中对话框儿的位置。",
    "description": "[MoveCutsceneTalk] Tweak Description"
  },
  "MoveCutsceneTalk / Name": {
    "message": "移动过场动画对话框",
    "description": "[MoveCutsceneTalk] Tweak Name"
  },
  "NoCharacterNotFoundWarning / Description": {
    "message": "阻止游戏显示\"没能在此大区找到当前设备记录的最后一个登出角色。\"。",
    "description": "[NoCharacterNotFoundWarning] Tweak Description"
  },
  "NoCharacterNotFoundWarning / Name": {
    "message": "隐藏“没有找到该角色”消息",
    "description": "[NoCharacterNotFoundWarning] Tweak Name"
  },
  "NoSellList / Description": {
    "message": "允许你自定义一个物品列表，防止物品出售给NPC。",
    "description": "[NoSellList] Tweak Description"
  },
  "NoSellList / Name": {
    "message": "禁售列表",
    "description": "[NoSellList] Tweak Name"
  },
  "OpenEstateAccess / Description": {
    "message": "添加一个命令来打开当前房屋的访问权限设置。",
    "description": "[OpenEstateAccess] Tweak Description"
  },
  "OpenEstateAccess / Name": {
    "message": "房屋权限指令",
    "description": "[OpenEstateAccess] Tweak Name"
  },
  "PidCommand / Description": {
    "message": "添加命令“/pid”以显示当前进程ID。",
    "description": "[PidCommand] Tweak Description"
  },
  "PidCommand / Name": {
    "message": "显示进程ID命令",
    "description": "[PidCommand] Tweak Name"
  },
  "QuickSellItems / Description": {
    "message": "按住自定义按键来一键销售物品。",
    "description": "[QuickSellItems] Tweak Description"
  },
  "QuickSellItems / Name": {
    "message": "快速出售",
    "description": "[QuickSellItems] Tweak Name"
  },
  "RecommendEquipCommand / Description": {
    "message": "添加 /equiprecommended 命令，以穿上当前职业最强推荐装备。",
    "description": "[RecommendEquipCommand] Tweak Description"
  },
  "RecommendEquipCommand / Name": {
    "message": "最强装备指令",
    "description": "[RecommendEquipCommand] Tweak Name"
  },
  "RefreshMarketPrices / Description": {
    "message": "收到“请稍后重新搜索”消息时重试获取价格。",
    "description": "[RefreshMarketPrices] Tweak Description"
  },
  "RefreshMarketPrices / Name": {
    "message": "刷新市场板",
    "description": "[RefreshMarketPrices] Tweak Name"
  },
  "RememberQuickGathering / Description": {
    "message": "即使在未知的采集地点进行采集，也会保持简易采集状态。",
    "description": "[RememberQuickGathering] Tweak Description"
  },
  "RememberQuickGathering / Name": {
    "message": "保持简易采集",
    "description": "[RememberQuickGathering] Tweak Name"
  },
  "RememberSelectedWorld / Description": {
    "message": "在不同大区记住之前选中的服务器。",
    "description": "[RememberSelectedWorld] Tweak Description"
  },
  "RememberSelectedWorld / Name": {
    "message": "记住选中的服务器",
    "description": "[RememberSelectedWorld] Tweak Name"
  },
  "RemoveClientLimit / Description": {
    "message": "允许打开超过默认的2个狒狒拾肆客户端。",
    "description": "[RemoveClientLimit] Tweak Description"
  },
  "RemoveClientLimit / Name": {
    "message": "移除游戏多开限制",
    "description": "[RemoveClientLimit] Tweak Name"
  },
  "SanctuarySprintReplacer / Description": {
    "message": "在无人岛用海岛冲刺替换普通冲刺。",
    "description": "[SanctuarySprintReplacer] Tweak Description"
  },
  "SanctuarySprintReplacer / Name": {
    "message": "海岛冲刺替换",
    "description": "[SanctuarySprintReplacer] Tweak Name"
  },
  "ScreenshotFileName / Description": {
    "message": "自定义截图文件名格式。",
    "description": "[ScreenshotFileName] Tweak Description"
  },
  "ScreenshotFileName / Name": {
    "message": "截图重命名",
    "description": "[ScreenshotFileName] Tweak Name"
  },
  "SearchableFriendList / Description": {
    "message": "添加搜索栏到好友列表。",
    "description": "[SearchableFriendList] Tweak Description"
  },
  "SearchableFriendList / Name": {
    "message": "可搜索的好友列表",
    "description": "[SearchableFriendList] Tweak Name"
  },
  "SetOptionCommand / Description": {
    "message": "添加数个聊天栏指令以快速修改游戏设置",
    "description": "[SetOptionCommand] Tweak Description"
  },
  "SetOptionCommand / Name": {
    "message": "聊天框快捷指令",
    "description": "[SetOptionCommand] Tweak Name"
  },
  "SmartStrafe / Description": {
    "message": "智能切换平移或旋转的键盘控制方式\n（仅限传统模式）",
    "description": "[SmartStrafe] Tweak Description"
  },
  "SmartStrafe / Name": {
    "message": "智能平移",
    "description": "[SmartStrafe] Tweak Name"
  },
  "SpecialCharacterInput / Description": {
    "message": "为文本输入添加特殊字符的窗口。",
    "description": "[SpecialCharacterInput] Tweak Description"
  },
  "SpecialCharacterInput / Name": {
    "message": "特殊字符输入",
    "description": "[SpecialCharacterInput] Tweak Name"
  },
  "SyncCrafterBars / Description": {
    "message": "同步能工巧匠热键栏中的技能",
    "description": "[SyncCrafterBars] Tweak Description"
  },
  "SyncCrafterBars / Name": {
    "message": "同步能工巧匠技能栏",
    "description": "[SyncCrafterBars] Tweak Name"
  },
  "SyncGathererBars / Description": {
    "message": "同步采矿工与园艺工的热键栏中的技能",
    "description": "[SyncGathererBars] Tweak Description"
  },
  "SyncGathererBars / Name": {
    "message": "同步大地使者技能栏",
    "description": "[SyncGathererBars] Tweak Name"
  },
  "SystemConfigInGroupPose / Description": {
    "message": "允许在 gpose 中使用 /systemconfig 命令。",
    "description": "[SystemConfigInGroupPose] Tweak Description"
  },
  "SystemConfigInGroupPose / Name": {
    "message": "在 GPose 中使用系统设置",
    "description": "[SystemConfigInGroupPose] Tweak Name"
  },
  "TalkAdjustments / Description": {
    "message": "允许对对话组件进行更多的自定义设置。",
    "description": "[TalkAdjustments] Tweak Description"
  },
  "TalkAdjustments / Name": {
    "message": "对话调整",
    "description": "[TalkAdjustments] Tweak Name"
  },
  "TooltipTweaks / Name": {
    "message": "提示优化",
    "description": "[TooltipTweaks] Tweak Name"
  },
  "TooltipTweaks@AdditionalItemInfo / Description": {
    "message": "在工具提示添加额外信息。",
    "description": "[AdditionalItemInfo] Tweak Description"
  },
  "TooltipTweaks@AdditionalItemInfo / Name": {
    "message": "工具提示的额外信息",
    "description": "[AdditionalItemInfo] Tweak Name"
  },
  "TooltipTweaks@BlueActionInfo / Description": {
    "message": "在青魔技能面板上添加伤害类型、攻击属性和等级。",
    "description": "[BlueActionInfo] Tweak Description"
  },
  "TooltipTweaks@BlueActionInfo / Name": {
    "message": "改进青魔技能提示",
    "description": "[BlueActionInfo] Tweak Name"
  },
  "TooltipTweaks@CollectableRewards / Description": {
    "message": "查看收藏品时显示上交后可获得的奖励。",
    "description": "[CollectableRewards] Tweak Description"
  },
  "TooltipTweaks@CollectableRewards / Name": {
    "message": "显示收藏品价值",
    "description": "[CollectableRewards] Tweak Name"
  },
  "TooltipTweaks@CraftingActionInfo / Description": {
    "message": "将制作技能的计算效率添加到工具提示中。",
    "description": "[CraftingActionInfo] Tweak Description"
  },
  "TooltipTweaks@CraftingActionInfo / Name": {
    "message": "改进制作技能提示",
    "description": "[CraftingActionInfo] Tweak Name"
  },
  "TooltipTweaks@DesynthesisSkill / Description": {
    "message": "浏览可分解物品时显示当前分解等级。",
    "description": "[DesynthesisSkill] Tweak Description"
  },
  "TooltipTweaks@DesynthesisSkill / Name": {
    "message": "显示分解技能",
    "description": "[DesynthesisSkill] Tweak Name"
  },
  "TooltipTweaks@FoodStats / Description": {
    "message": "基于角色当前属性 计算食物/药品属性增加量的期望值",
    "description": "[FoodStats] Tweak Description"
  },
  "TooltipTweaks@FoodStats / Name": {
    "message": "显示食物/药品期望值",
    "description": "[FoodStats] Tweak Name"
  },
  "TooltipTweaks@GlamItemNames / Description": {
    "message": "在真实装备名下面显示幻化物品的名称。",
    "description": "[GlamItemNames] Tweak Description"
  },
  "TooltipTweaks@GlamItemNames / Name": {
    "message": "显示幻化装备名",
    "description": "[GlamItemNames] Tweak Name"
  },
  "TooltipTweaks@HideTooltipsInCombat / Description": {
    "message": "允许在战斗中隐藏动作和/或项目工具提示。",
    "description": "[HideTooltipsInCombat] Tweak Description"
  },
  "TooltipTweaks@HideTooltipsInCombat / Name": {
    "message": "在战斗中隐藏弹出帮助",
    "description": "[HideTooltipsInCombat] Tweak Name"
  },
  "TooltipTweaks@ItemHotkeys / Description": {
    "message": "当显示物品详情时可以使用快捷键进行一系列操作",
    "description": "[ItemHotkeys] Tweak Description"
  },
  "TooltipTweaks@ItemHotkeys / Name": {
    "message": "物品快捷键",
    "description": "[ItemHotkeys] Tweak Name"
  },
  "TooltipTweaks@LogosTooltip / Description": {
    "message": "在文理碎晶的提示中显示可获得的文理技能。",
    "description": "[LogosTooltip] Tweak Description"
  },
  "TooltipTweaks@LogosTooltip / Name": {
    "message": "文理提示",
    "description": "[LogosTooltip] Tweak Name"
  },
  "TooltipTweaks@MateriaStats / Description": {
    "message": "展示属性时，显示物品上已镶嵌的魔晶石。",
    "description": "[MateriaStats] Tweak Description"
  },
  "TooltipTweaks@MateriaStats / Name": {
    "message": "魔晶石状态",
    "description": "[MateriaStats] Tweak Name"
  },
  "TooltipTweaks@PaintingPreview / Description": {
    "message": "在风景画物品提示上添加风景画预览。",
    "description": "[PaintingPreview] Tweak Description"
  },
  "TooltipTweaks@PaintingPreview / Name": {
    "message": "风景画预览",
    "description": "[PaintingPreview] Tweak Name"
  },
  "TooltipTweaks@PrecisionDurability / Description": {
    "message": "显示装备耐久值的准确百分比（带小数）。",
    "description": "[PrecisionDurability] Tweak Description"
  },
  "TooltipTweaks@PrecisionDurability / Name": {
    "message": "精确耐久值",
    "description": "[PrecisionDurability] Tweak Name"
  },
  "TooltipTweaks@PrecisionSpiritbond / Description": {
    "message": "显示精炼度的准确百分比（带小数）。",
    "description": "[PrecisionSpiritbond] Tweak Description"
  },
  "TooltipTweaks@PrecisionSpiritbond / Name": {
    "message": "精确精炼值",
    "description": "[PrecisionSpiritbond] Tweak Name"
  },
  "TooltipTweaks@ShowItemID / Description": {
    "message": "显示物品及动作的对应ID",
    "description": "[ShowItemID] Tweak Description"
  },
  "TooltipTweaks@ShowItemID / Name": {
    "message": "显示 ID",
    "description": "[ShowItemID] Tweak Name"
  },
  "TooltipTweaks@SimplifiedClassJobDisplay / Description": {
    "message": "当职业解锁时，隐藏装备提示栏的等级。",
    "description": "[SimplifiedClassJobDisplay] Tweak Description"
  },
  "TooltipTweaks@SimplifiedClassJobDisplay / Name": {
    "message": "简化装备职业显示",
    "description": "[SimplifiedClassJobDisplay] Tweak Name"
  },
  "TooltipTweaks@TrackFadedRolls / Description": {
    "message": "在陈旧的乐谱中添加已获得标志。",
    "description": "[TrackFadedRolls] Tweak Description"
  },
  "TooltipTweaks@TrackFadedRolls / Name": {
    "message": "追踪陈旧的乐谱",
    "description": "[TrackFadedRolls] Tweak Name"
  },
  "TooltipTweaks@TrackGachaItems / Description": {
    "message": "在抽卡道具仍有未获取的物品时，添加可收藏的标记到物品信息，例如幻卡卡包。",
    "description": "[TrackGachaItems] Tweak Description"
  },
  "TooltipTweaks@TrackGachaItems / Name": {
    "message": "追踪抽卡道具",
    "description": "[TrackGachaItems] Tweak Name"
  },
  "TooltipTweaks@TrackOutfits / Description": {
    "message": "显示鼠标悬停物品是否已加入幻化柜。",
    "description": "[TrackOutfits] Tweak Description"
  },
  "TooltipTweaks@TrackOutfits / Name": {
    "message": "幻化柜追踪",
    "description": "[TrackOutfits] Tweak Name"
  },
  "TooltipTweaks@UnlockablePreviews / Description": {
    "message": "显示坐骑、宠物和发型的预览图像。",
    "description": "[UnlockablePreviews] Tweak Description"
  },
  "TooltipTweaks@UnlockablePreviews / Name": {
    "message": "预览可解锁项目",
    "description": "[UnlockablePreviews] Tweak Name"
  },
  "TreasureHuntTargets / Description": {
    "message": "禁止选中其他玩家的挖宝怪物。",
    "description": "[TreasureHuntTargets] Tweak Description"
  },
  "TreasureHuntTargets / Name": {
    "message": "禁止选中其他玩家的挖宝怪物",
    "description": "[TreasureHuntTargets] Tweak Name"
  },
  "TryOnCorrectItem / Description": {
    "message": "在投影模板，显示正确的物品",
    "description": "[TryOnCorrectItem] Tweak Description"
  },
  "TryOnCorrectItem / Name": {
    "message": "试穿真正的物品",
    "description": "[TryOnCorrectItem] Tweak Name"
  },
  "UiAdjustments / Name": {
    "message": "UI优化",
    "description": "[UiAdjustments] Tweak Name"
  },
  "UiAdjustments@AccurateVentureTimes / Description": {
    "message": "在雇员列表上显示探险完成倒计时",
    "description": "[AccurateVentureTimes] Tweak Description"
  },
  "UiAdjustments@AccurateVentureTimes / Name": {
    "message": "精确雇员探险时间",
    "description": "[AccurateVentureTimes] Tweak Name"
  },
  "UiAdjustments@ActionPressMirroring / Description": {
    "message": "当你使用技能，将在所有相同的图标上显示按下的动画。",
    "description": "[ActionPressMirroring] Tweak Description"
  },
  "UiAdjustments@ActionPressMirroring / Name": {
    "message": "技能栏多重技能按键效果",
    "description": "[ActionPressMirroring] Tweak Name"
  },
  "UiAdjustments@AddNumberSeparators / Description": {
    "message": "为UI中显示的各种数字添加分隔符",
    "description": "[AddNumberSeparators] Tweak Description"
  },
  "UiAdjustments@AddNumberSeparators / Name": {
    "message": "添加数字分隔符",
    "description": "[AddNumberSeparators] Tweak Name"
  },
  "UiAdjustments@AlwaysYes / Description": {
    "message": "在确认时，默认光标为\"是\"(小键盘 0)",
    "description": "[AlwaysYes] Tweak Description"
  },
  "UiAdjustments@AlwaysYes / Name": {
    "message": "总是\"是\"",
    "description": "[AlwaysYes] Tweak Name"
  },
  "UiAdjustments@AutoFocusMarketboardSearch / Description": {
    "message": "打开市场板时自动选择搜索框儿。",
    "description": "[AutoFocusMarketboardSearch] Tweak Description"
  },
  "UiAdjustments@AutoFocusMarketboardSearch / Name": {
    "message": "自动选中市场搜索框",
    "description": "[AutoFocusMarketboardSearch] Tweak Name"
  },
  "UiAdjustments@AutoFocusRecipeSearch / Description": {
    "message": "打开制作手册时自动选中配方搜索框儿。",
    "description": "[AutoFocusRecipeSearch] Tweak Description"
  },
  "UiAdjustments@AutoFocusRecipeSearch / Name": {
    "message": "自动选中配方搜索",
    "description": "[AutoFocusRecipeSearch] Tweak Name"
  },
  "UiAdjustments@BattleTalkAdjustments / Description": {
    "message": "允许移动战斗中出现的对话框。",
    "description": "[BattleTalkAdjustments] Tweak Description"
  },
  "UiAdjustments@BattleTalkAdjustments / Name": {
    "message": "战斗对话调整",
    "description": "[BattleTalkAdjustments] Tweak Name"
  },
  "UiAdjustments@BuffListVerticalGrowth / Description": {
    "message": "改变Buff栏的对齐方式，可以从下到上排列。",
    "description": "[BuffListVerticalGrowth] Tweak Description"
  },
  "UiAdjustments@BuffListVerticalGrowth / Name": {
    "message": "Buff栏调整",
    "description": "[BuffListVerticalGrowth] Tweak Name"
  },
  "UiAdjustments@CastBarAdjustments / Description": {
    "message": "隐藏或移动咏唱栏的特定部分",
    "description": "[CastBarAdjustments] Tweak Description"
  },
  "UiAdjustments@CastBarAdjustments / Name": {
    "message": "咏唱栏修改",
    "description": "[CastBarAdjustments] Tweak Name"
  },
  "UiAdjustments@CastingTextVisibility / Description": {
    "message": "更改咏唱文本的字体大小、颜色和背景。",
    "description": "[CastingTextVisibility] Tweak Description"
  },
  "UiAdjustments@CastingTextVisibility / Name": {
    "message": "咏唱文本可见性",
    "description": "[CastingTextVisibility] Tweak Name"
  },
  "UiAdjustments@ChangeMapAreaColors / Description": {
    "message": "允许玩家改变地图的区域颜色，例如任务目标和危命任务。",
    "description": "[ChangeMapAreaColors] Tweak Description"
  },
  "UiAdjustments@ChangeMapAreaColors / Name": {
    "message": "改变地图区域颜色",
    "description": "[ChangeMapAreaColors] Tweak Name"
  },
  "UiAdjustments@ColoredDutyRoulette / Description": {
    "message": "高亮副本名以区分完成状态",
    "description": "[ColoredDutyRoulette] Tweak Description"
  },
  "UiAdjustments@ColoredDutyRoulette / Name": {
    "message": "高亮副本名",
    "description": "[ColoredDutyRoulette] Tweak Name"
  },
  "UiAdjustments@ComboTimer / Description": {
    "message": "显示当前连击结束时间",
    "description": "[ComboTimer] Tweak Description"
  },
  "UiAdjustments@ComboTimer / Name": {
    "message": "连击倒计时",
    "description": "[ComboTimer] Tweak Name"
  },
  "UiAdjustments@ControlHintMirroring / Description": {
    "message": "拖放一个重复存在的技能到热键栏时，提示该技能已绑定的热键。",
    "description": "[ControlHintMirroring] Tweak Description"
  },
  "UiAdjustments@ControlHintMirroring / Name": {
    "message": "技能栏的重复热键提示",
    "description": "[ControlHintMirroring] Tweak Name"
  },
  "UiAdjustments@CustomFreeCompanyTags / Description": {
    "message": "允许隐藏或自定部队和放浪神加护。",
    "description": "[CustomFreeCompanyTags] Tweak Description"
  },
  "UiAdjustments@CustomFreeCompanyTags / Name": {
    "message": "自定义部队标签",
    "description": "[CustomFreeCompanyTags] Tweak Name"
  },
  "UiAdjustments@CustomTimeFormat / Description": {
    "message": "修改游戏中时钟的时间显示格式，使用C#的时间显示格式",
    "description": "[CustomTimeFormat] Tweak Description"
  },
  "UiAdjustments@CustomTimeFormat / Name": {
    "message": "自定义时间格式",
    "description": "[CustomTimeFormat] Tweak Name"
  },
  "UiAdjustments@DutyListBackground / Description": {
    "message": "给副本任务列表添加可以配置的背景。",
    "description": "[DutyListBackground] Tweak Description"
  },
  "UiAdjustments@DutyListBackground / Name": {
    "message": "任务列表背景",
    "description": "[DutyListBackground] Tweak Name"
  },
  "UiAdjustments@ExamineItemLevel / Description": {
    "message": "检查其他玩家时计算他们的装等\n红色值表示玩家穿戴的物品可以根据其等级进行同步，并显示最高级别。",
    "description": "[ExamineItemLevel] Tweak Description"
  },
  "UiAdjustments@ExamineItemLevel / Name": {
    "message": "检查物品等级",
    "description": "[ExamineItemLevel] Tweak Name"
  },
  "UiAdjustments@ExpandedCurrencyDisplay / Description": {
    "message": "允许您显示更多货币。",
    "description": "[ExpandedCurrencyDisplay] Tweak Description"
  },
  "UiAdjustments@ExpandedCurrencyDisplay / Name": {
    "message": "拓展货币显示",
    "description": "[ExpandedCurrencyDisplay] Tweak Name"
  },
  "UiAdjustments@ExpPercentage / Description": {
    "message": "计算当前经验值，并以百分比形式显示在经验值旁边",
    "description": "[ExpPercentage] Tweak Description"
  },
  "UiAdjustments@ExpPercentage / Name": {
    "message": "显示经验值百分比",
    "description": "[ExpPercentage] Tweak Name"
  },
  "UiAdjustments@ExtendedDesynthesisWindow / Description": {
    "message": "在分解窗口显示你的当前分解等级及物品的推荐分解等级\\n显示装备是否在套装中，可禁止点击套装内装备以防误操作",
    "description": "[ExtendedDesynthesisWindow] Tweak Description"
  },
  "UiAdjustments@ExtendedDesynthesisWindow / Name": {
    "message": "分解窗口增强",
    "description": "[ExtendedDesynthesisWindow] Tweak Name"
  },
  "UiAdjustments@FadeUnavailableActions / Description": {
    "message": "在无法使用技能时，透明化而非变暗。",
    "description": "[FadeUnavailableActions] Tweak Description"
  },
  "UiAdjustments@FadeUnavailableActions / Name": {
    "message": "淡化不可用的技能",
    "description": "[FadeUnavailableActions] Tweak Name"
  },
  "UiAdjustments@FastSearch / Description": {
    "message": "启用超级快の市场板和制作笔记搜索。",
    "description": "[FastSearch] Tweak Description"
  },
  "UiAdjustments@FastSearch / Name": {
    "message": "快速物品搜索",
    "description": "[FastSearch] Tweak Name"
  },
  "UiAdjustments@GearPositions / Description": {
    "message": "在角色和调查窗口中重新调整装备位置，以减少总体布局",
    "description": "[GearPositions] Tweak Description"
  },
  "UiAdjustments@GearPositions / Name": {
    "message": "调整装备位置",
    "description": "[GearPositions] Tweak Name"
  },
  "UiAdjustments@HideAchievementsNotifications / Description": {
    "message": "完全隐藏登录时/区域切换的“接近完成的成就”通知。",
    "description": "[HideAchievementsNotifications] Tweak Description"
  },
  "UiAdjustments@HideAchievementsNotifications / Name": {
    "message": "隐藏即将完成的成就通知",
    "description": "[HideAchievementsNotifications] Tweak Name"
  },
  "UiAdjustments@HideExperienceBar / Description": {
    "message": "达到最大等级后，隐藏经验栏",
    "description": "[HideExperienceBar] Tweak Description"
  },
  "UiAdjustments@HideExperienceBar / Name": {
    "message": "最大等级隐藏经验栏",
    "description": "[HideExperienceBar] Tweak Name"
  },
  "UiAdjustments@HideGuildhestObjectivePopup / Description": {
    "message": "行会令开始时隐藏说明弹窗。",
    "description": "[HideGuildhestObjectivePopup] Tweak Description"
  },
  "UiAdjustments@HideGuildhestObjectivePopup / Name": {
    "message": "隐藏行会令目标弹出",
    "description": "[HideGuildhestObjectivePopup] Tweak Name"
  },
  "UiAdjustments@HideJobGauge / Description": {
    "message": "允许在非“战斗”和“任务”中，隐藏职业职业量谱",
    "description": "[HideJobGauge] Tweak Description"
  },
  "UiAdjustments@HideJobGauge / Name": {
    "message": "隐藏职业量谱",
    "description": "[HideJobGauge] Tweak Name"
  },
  "UiAdjustments@HideQualityWhenNoHQ / Description": {
    "message": "在物品无法HQ或收藏品时，隐藏制作过程中的品质条。",
    "description": "[HideQualityWhenNoHQ] Tweak Description"
  },
  "UiAdjustments@HideQualityWhenNoHQ / Name": {
    "message": "在制造非HQ物品时隐藏品质栏。",
    "description": "[HideQualityWhenNoHQ] Tweak Name"
  },
  "UiAdjustments@HideTargetCircle / Description": {
    "message": "允许在战斗和副本外，隐藏职业量谱。",
    "description": "[HideTargetCircle] Tweak Description"
  },
  "UiAdjustments@HideTargetCircle / Name": {
    "message": "隐藏职业量谱",
    "description": "[HideTargetCircle] Tweak Name"
  },
  "UiAdjustments@HideUnwantedBanner / Description": {
    "message": "隐藏信息横幅，例如“任务完成”或“接受任务”",
    "description": "[HideUnwantedBanner] Tweak Description"
  },
  "UiAdjustments@HideUnwantedBanner / Name": {
    "message": "隐藏不想要的横幅",
    "description": "[HideUnwantedBanner] Tweak Name"
  },
  "UiAdjustments@HouseLotteryTimer / Description": {
    "message": "在土地抽选计时器中显示剩余时间。",
    "description": "[HouseLotteryTimer] Tweak Description"
  },
  "UiAdjustments@HouseLotteryTimer / Name": {
    "message": "土地抽选计时器",
    "description": "[HouseLotteryTimer] Tweak Name"
  },
  "UiAdjustments@ImprovedDutyFinderSettings / Description": {
    "message": "将查找器设置变成按钮。",
    "description": "[ImprovedDutyFinderSettings] Tweak Description"
  },
  "UiAdjustments@ImprovedDutyFinderSettings / Name": {
    "message": "改进的组队查找设置",
    "description": "[ImprovedDutyFinderSettings] Tweak Name"
  },
  "UiAdjustments@ImprovedInterruptableCastbars / Description": {
    "message": "在可打断的咏唱栏旁显示一个图标",
    "description": "[ImprovedInterruptableCastbars] Tweak Description"
  },
  "UiAdjustments@ImprovedInterruptableCastbars / Name": {
    "message": "更好的可打断咏唱栏",
    "description": "[ImprovedInterruptableCastbars] Tweak Name"
  },
  "UiAdjustments@ImprovedWorldVisit / Description": {
    "message": "清理跨界传送菜单并按顺序于列表中显示当前位置。",
    "description": "[ImprovedWorldVisit] Tweak Description"
  },
  "UiAdjustments@ImprovedWorldVisit / Name": {
    "message": "更整洁的跨界传送菜单。",
    "description": "[ImprovedWorldVisit] Tweak Name"
  },
  "UiAdjustments@LargeCooldownCounter / Description": {
    "message": "放大快捷栏上的冷却倒计时。",
    "description": "[LargeCooldownCounter] Tweak Description"
  },
  "UiAdjustments@LargeCooldownCounter / Name": {
    "message": "大号冷却倒计时",
    "description": "[LargeCooldownCounter] Tweak Name"
  },
  "UiAdjustments@LimitBreakAdjustments / Description": {
    "message": "简化自定义极限技栏",
    "description": "[LimitBreakAdjustments] Tweak Description"
  },
  "UiAdjustments@LimitBreakAdjustments / Name": {
    "message": "极限技调整",
    "description": "[LimitBreakAdjustments] Tweak Name"
  },
  "UiAdjustments@LimitTargetStatusEffects / Description": {
    "message": "设置目标状态效果的显示数量上限。",
    "description": "[LimitTargetStatusEffects] Tweak Description"
  },
  "UiAdjustments@LimitTargetStatusEffects / Name": {
    "message": "限制目标状态效果",
    "description": "[LimitTargetStatusEffects] Tweak Name"
  },
  "UiAdjustments@LockWindowPosition / Description": {
    "message": "允许锁定大部分界面窗口的位置",
    "description": "[LockWindowPosition] Tweak Description"
  },
  "UiAdjustments@LockWindowPosition / Lock Window Position": {
    "message": "锁定当前窗口位置",
    "description": "[LockWindowPosition] Lock Window Positions - Lock Window Position"
  },
  "UiAdjustments@LockWindowPosition / Name": {
    "message": "锁定窗口位置",
    "description": "[LockWindowPosition] Tweak Name"
  },
  "UiAdjustments@LockWindowPosition / Unlock Window Position": {
    "message": "解锁当前窗口位置",
    "description": "[LockWindowPosition] Lock Window Positions - Unlock Window Position"
  },
  "UiAdjustments@LootWindowDuplicateUniqueItemIndicator / Description": {
    "message": "在战利品窗口显示无法获取，或已经获取的物品。",
    "description": "[LootWindowDuplicateUniqueItemIndicator] Tweak Description"
  },
  "UiAdjustments@LootWindowDuplicateUniqueItemIndicator / Name": {
    "message": "改进战利品窗口",
    "description": "[LootWindowDuplicateUniqueItemIndicator] Tweak Name"
  },
  "UiAdjustments@LootWindowSelectNext / Description": {
    "message": "当你按下'需求'、'贪婪'或'放弃'后自动选择下一个战利品物品。",
    "description": "[LootWindowSelectNext] Tweak Description"
  },
  "UiAdjustments@LootWindowSelectNext / Name": {
    "message": "自动选中下一个战利品",
    "description": "[LootWindowSelectNext] Tweak Name"
  },
  "UiAdjustments@MarketEnhancements / Description": {
    "message": "市场交易板相关的UI设置，例如含税价格、与NPC售价的差价等。",
    "description": "[MarketEnhancements] Tweak Description"
  },
  "UiAdjustments@MarketEnhancements / Name": {
    "message": "市场相关设置",
    "description": "[MarketEnhancements] Tweak Name"
  },
  "UiAdjustments@MinimapAdjustments / Description": {
    "message": "隐藏和修改小地图元素",
    "description": "[MinimapAdjustments] Tweak Description"
  },
  "UiAdjustments@MinimapAdjustments / Name": {
    "message": "小地图修改",
    "description": "[MinimapAdjustments] Tweak Name"
  },
  "UiAdjustments@NamePlateIconSpacing / Description": {
    "message": "增加名牌上的状态图标和角色名称之间的距离。",
    "description": "[NamePlateIconSpacing] Tweak Description"
  },
  "UiAdjustments@NamePlateIconSpacing / Name": {
    "message": "名牌图标间距",
    "description": "[NamePlateIconSpacing] Tweak Name"
  },
  "UiAdjustments@NotificationToastAdjustments / Description": {
    "message": "允许移动或隐藏在不同时间出现在屏幕中间的通知",
    "description": "[NotificationToastAdjustments] Tweak Description"
  },
  "UiAdjustments@NotificationToastAdjustments / Name": {
    "message": "弹出通知修改",
    "description": "[NotificationToastAdjustments] Tweak Name"
  },
  "UiAdjustments@OldNameplatesTweak / Description": {
    "message": "重置姓名牌的更改。",
    "description": "[OldNameplatesTweak] Tweak Description"
  },
  "UiAdjustments@OldNameplatesTweak / Name": {
    "message": "旧版姓名牌优化",
    "description": "[OldNameplatesTweak] Tweak Name"
  },
  "UiAdjustments@OpenGlamourDresserToCurrentJob / Description": {
    "message": "打开投影台时选中当前职业。",
    "description": "[OpenGlamourDresserToCurrentJob] Tweak Description"
  },
  "UiAdjustments@OpenGlamourDresserToCurrentJob / Name": {
    "message": "打开当前职业的武具投影",
    "description": "[OpenGlamourDresserToCurrentJob] Tweak Name"
  },
  "UiAdjustments@ParameterBarAdjustments / Description": {
    "message": "隐藏或移动特殊的状态栏 (体力，魔力)",
    "description": "[ParameterBarAdjustments] Tweak Description"
  },
  "UiAdjustments@ParameterBarAdjustments / Name": {
    "message": "状态栏调整",
    "description": "[ParameterBarAdjustments] Tweak Name"
  },
  "UiAdjustments@PartyUIAdjustments / Description": {
    "message": "队伍列表功能优化。",
    "description": "[PartyUIAdjustments] Tweak Description"
  },
  "UiAdjustments@PartyUIAdjustments / Name": {
    "message": "队伍列表优化",
    "description": "[PartyUIAdjustments] Tweak Name"
  },
  "UiAdjustments@RecolorOwnStatusTimers / Description": {
    "message": "允许更改个人状态计时颜色。",
    "description": "[RecolorOwnStatusTimers] Tweak Description"
  },
  "UiAdjustments@RecolorOwnStatusTimers / Name": {
    "message": "更改个人状态计时颜色",
    "description": "[RecolorOwnStatusTimers] Tweak Name"
  },
  "UiAdjustments@ReducedDeepDungeonInfo / Description": {
    "message": "删除死宫角色面板中的冗余信息。",
    "description": "[ReducedDeepDungeonInfo] Tweak Description"
  },
  "UiAdjustments@ReducedDeepDungeonInfo / Name": {
    "message": "精简死宫UI信息",
    "description": "[ReducedDeepDungeonInfo] Tweak Name"
  },
  "UiAdjustments@RememberTitleSorting / Description": {
    "message": "在称号选择界面记忆已被选择的排序方式。",
    "description": "[RememberTitleSorting] Tweak Description"
  },
  "UiAdjustments@RememberTitleSorting / Name": {
    "message": "记忆称号排序方式",
    "description": "[RememberTitleSorting] Tweak Name"
  },
  "UiAdjustments@RemoveCommunityFinder / Description": {
    "message": "隐藏个人信息窗口中的寻找同好按键。",
    "description": "[RemoveCommunityFinder] Tweak Description"
  },
  "UiAdjustments@RemoveCommunityFinder / Name": {
    "message": "移除”寻找同好“按键",
    "description": "[RemoveCommunityFinder] Tweak Name"
  },
  "UiAdjustments@RemoveQuestMarkerLimit / Description": {
    "message": "允许地图和小地图显示超过5个已接任务的标记",
    "description": "[RemoveQuestMarkerLimit] Tweak Description"
  },
  "UiAdjustments@RemoveQuestMarkerLimit / Name": {
    "message": "移除任务标记限制",
    "description": "[RemoveQuestMarkerLimit] Tweak Name"
  },
  "UiAdjustments@RenameFreeCompanyChestTabs / Description": {
    "message": "可以重命名部队箱子的每个标签。",
    "description": "[RenameFreeCompanyChestTabs] Tweak Description"
  },
  "UiAdjustments@RenameFreeCompanyChestTabs / Name": {
    "message": "重命名部队箱子标签",
    "description": "[RenameFreeCompanyChestTabs] Tweak Name"
  },
  "UiAdjustments@ResizeExperienceBar / Description": {
    "message": "更改经验条的水平尺寸，但不影响文本尺寸。",
    "description": "[ResizeExperienceBar] Tweak Description"
  },
  "UiAdjustments@ResizeExperienceBar / Name": {
    "message": "更改经验条尺寸",
    "description": "[ResizeExperienceBar] Tweak Name"
  },
  "UiAdjustments@ScenarioProgressionDisplay / Description": {
    "message": "显示主线任务的百分比。",
    "description": "[ScenarioProgressionDisplay] Tweak Description"
  },
  "UiAdjustments@ScenarioProgressionDisplay / Name": {
    "message": "显示主线完成度",
    "description": "[ScenarioProgressionDisplay] Tweak Name"
  },
  "UiAdjustments@ShiftTargetCastBarText / Description": {
    "message": "移动咏唱条的文字内容使其更容易阅读。",
    "description": "[ShiftTargetCastBarText] Tweak Description"
  },
  "UiAdjustments@ShiftTargetCastBarText / Name": {
    "message": "调整咏唱条文本位置",
    "description": "[ShiftTargetCastBarText] Tweak Name"
  },
  "UiAdjustments@ShowShieldOnHPBar / Description": {
    "message": "在HP栏显示大致的盾值。",
    "description": "[ShowShieldOnHPBar] Tweak Description"
  },
  "UiAdjustments@ShowShieldOnHPBar / Name": {
    "message": "HP栏上显示盾值",
    "description": "[ShowShieldOnHPBar] Tweak Name"
  },
  "UiAdjustments@SmartNameplates / Description": {
    "message": "提供在战斗中隐藏特定目标姓名板的选项",
    "description": "[SmartNameplates] Tweak Description"
  },
  "UiAdjustments@SmartNameplates / Name": {
    "message": "智能隐藏姓名板",
    "description": "[SmartNameplates] Tweak Name"
  },
  "UiAdjustments@SubmarineDestinationLetters / Description": {
    "message": "使用A-Z字母辨别潜水艇目的地，以便与其他工具一起使用。",
    "description": "[SubmarineDestinationLetters] Tweak Description"
  },
  "UiAdjustments@SubmarineDestinationLetters / Name": {
    "message": "带字母的潜水艇目的地",
    "description": "[SubmarineDestinationLetters] Tweak Name"
  },
  "UiAdjustments@TargetCastbarCountdown / Description": {
    "message": "显示目标技能咏唱的剩余时间。",
    "description": "[TargetCastbarCountdown] Tweak Description"
  },
  "UiAdjustments@TargetCastbarCountdown / Name": {
    "message": "目标目标咏唱倒计时",
    "description": "[TargetCastbarCountdown] Tweak Name"
  },
  "UiAdjustments@TargetHP / Description": {
    "message": "显示目标的精确（或者近似）HP值。",
    "description": "[TargetHP] Tweak Description"
  },
  "UiAdjustments@TargetHP / Name": {
    "message": "目标HP",
    "description": "[TargetHP] Tweak Name"
  },
  "UiAdjustments@TimerOnDutyWaiting / Description": {
    "message": "显示匹配到副本后的45秒倒计时。",
    "description": "[TimerOnDutyWaiting] Tweak Description"
  },
  "UiAdjustments@TimerOnDutyWaiting / Name": {
    "message": "副本等待计时",
    "description": "[TimerOnDutyWaiting] Tweak Name"
  },
  "UiAdjustments@TimeUntilGpMax / Description": {
    "message": "显示采集职业GP回复到最大值所需的大致时间。",
    "description": "[TimeUntilGpMax] Tweak Description"
  },
  "UiAdjustments@TimeUntilGpMax / Name": {
    "message": "GP回复计时",
    "description": "[TimeUntilGpMax] Tweak Name"
  },
  "UiAdjustments@ViperHint / Description": {
    "message": "以剑的发光颜色提示蝰蛇的身位,红蓝色块提示下一个要打的3技能(仅限普通量谱模式)。",
    "description": "[ViperHint] Tweak Description"
  },
  "UiAdjustments@ViperHint / Name": {
    "message": "蝰蛇身位提示",
    "description": "[ViperHint] Tweak Name"
  },
  "UseCollectionCommand / Description": {
    "message": "添加一个指令来使用收集物品",
    "description": "[UseCollectionCommand] Tweak Description"
  },
  "UseCollectionCommand / Name": {
    "message": "收集物品指令",
    "description": "[UseCollectionCommand] Tweak Name"
  }
}